{
    "objects": [
        {
            "id": "804d734d-6a6a-484c-9806-5238b6cb1447",
            "classId": "7dd8df6c-9b8f-45eb-815e-cf12e43586bc",
            "className": "person",
            "annotationType": "polygon",
            "annotation": {
                "multiple": false,
                "coord": {
                    "points": [
                        {
                            "x": 160,
                            "y": 202
                        },
                        {
                            "x": 155,
                            "y": 208
                        },
                        {
                            "x": 157,
                            "y": 225
                        },
                        {
                            "x": 143,
                            "y": 244
                        },
                        {
                            "x": 140,
                            "y": 286
                        },
                        {
                            "x": 151,
                            "y": 307
                        },
                        {
                            "x": 172,
                            "y": 318
                        },
                        {
                            "x": 174,
                            "y": 344
                        },
                        {
                            "x": 182,
                            "y": 343
                        },
                        {
                            "x": 188,
                            "y": 331
                        },
                        {
                            "x": 194,
                            "y": 336
                        },
                        {
                            "x": 200,
                            "y": 333
                        },
                        {
                            "x": 199,
                            "y": 312
                        },
                        {
                            "x": 201,
                            "y": 310
                        },
                        {
                            "x": 206,
                            "y": 313
                        },
                        {
                            "x": 208,
                            "y": 302
                        },
                        {
                            "x": 190,
                            "y": 234
                        },
                        {
                            "x": 177,
                            "y": 220
                        },
                        {
                            "x": 174,
                            "y": 208
                        },
                        {
                            "x": 168,
                            "y": 202
                        }
                    ]
                },
                "meta": {
                    "zIndex": 1
                }
            },
            "properties": []
        },
        {
            "id": "7621596c-6515-426a-87ea-3b0df45cdacf",
            "classId": "7dd8df6c-9b8f-45eb-815e-cf12e43586bc",
            "className": "person",
            "annotationType": "polygon",
            "annotation": {
                "multiple": false,
                "coord": {
                    "points": [
                        {
                            "x": 26,
                            "y": 190
                        },
                        {
                            "x": 21,
                            "y": 196
                        },
                        {
                            "x": 19,
                            "y": 208
                        },
                        {
                            "x": 10,
                            "y": 220
                        },
                        {
                            "x": 12,
                            "y": 276
                        },
                        {
                            "x": 16,
                            "y": 285
                        },
                        {
                            "x": 34,
                            "y": 281
                        },
                        {
                            "x": 52,
                            "y": 290
                        },
                        {
                            "x": 54,
                            "y": 326
                        },
                        {
                            "x": 59,
                            "y": 337
                        },
                        {
                            "x": 64,
                            "y": 338
                        },
                        {
                            "x": 67,
                            "y": 335
                        },
                        {
                            "x": 66,
                            "y": 283
                        },
                        {
                            "x": 61,
                            "y": 270
                        },
                        {
                            "x": 50,
                            "y": 257
                        },
                        {
                            "x": 48,
                            "y": 245
                        },
                        {
                            "x": 50,
                            "y": 238
                        },
                        {
                            "x": 55,
                            "y": 236
                        },
                        {
                            "x": 79,
                            "y": 261
                        },
                        {
                            "x": 85,
                            "y": 262
                        },
                        {
                            "x": 84,
                            "y": 255
                        },
                        {
                            "x": 59,
                            "y": 219
                        },
                        {
                            "x": 42,
                            "y": 208
                        },
                        {
                            "x": 42,
                            "y": 196
                        },
                        {
                            "x": 35,
                            "y": 190
                        }
                    ]
                },
                "meta": {
                    "zIndex": 1
                }
            },
            "properties": []
        },
        {
            "id": "c27633a9-0d2d-422a-a56b-959e0f9bc13b",
            "classId": "7dd8df6c-9b8f-45eb-815e-cf12e43586bc",
            "className": "person",
            "annotationType": "polygon",
            "annotation": {
                "multiple": false,
                "coord": {
                    "points": [
                        {
                            "x": 97,
                            "y": 200
                        },
                        {
                            "x": 89,
                            "y": 204
                        },
                        {
                            "x": 89,
                            "y": 218
                        },
                        {
                            "x": 81,
                            "y": 227
                        },
                        {
                            "x": 81,
                            "y": 246
                        },
                        {
                            "x": 88,
                            "y": 258
                        },
                        {
                            "x": 97,
                            "y": 311
                        },
                        {
                            "x": 103,
                            "y": 316
                        },
                        {
                            "x": 106,
                            "y": 310
                        },
                        {
                            "x": 102,
                            "y": 276
                        },
                        {
                            "x": 106,
                            "y": 275
                        },
                        {
                            "x": 113,
                            "y": 311
                        },
                        {
                            "x": 121,
                            "y": 308
                        },
                        {
                            "x": 117,
                            "y": 268
                        },
                        {
                            "x": 119,
                            "y": 234
                        },
                        {
                            "x": 114,
                            "y": 222
                        },
                        {
                            "x": 103,
                            "y": 214
                        },
                        {
                            "x": 102,
                            "y": 205
                        }
                    ]
                },
                "meta": {
                    "zIndex": 1
                }
            },
            "properties": []
        },
        {
            "id": "c3b56520-4e7f-432d-a1f9-b3dea40dd26a",
            "classId": "7dd8df6c-9b8f-45eb-815e-cf12e43586bc",
            "className": "person",
            "annotationType": "polygon",
            "annotation": {
                "multiple": false,
                "coord": {
                    "points": [
                        {
                            "x": 520,
                            "y": 181
                        },
                        {
                            "x": 509,
                            "y": 181
                        },
                        {
                            "x": 506,
                            "y": 185
                        },
                        {
                            "x": 506,
                            "y": 196
                        },
                        {
                            "x": 499,
                            "y": 207
                        },
                        {
                            "x": 494,
                            "y": 238
                        },
                        {
                            "x": 495,
                            "y": 286
                        },
                        {
                            "x": 505,
                            "y": 286
                        },
                        {
                            "x": 502,
                            "y": 273
                        },
                        {
                            "x": 507,
                            "y": 270
                        },
                        {
                            "x": 513,
                            "y": 272
                        },
                        {
                            "x": 515,
                            "y": 283
                        },
                        {
                            "x": 526,
                            "y": 284
                        },
                        {
                            "x": 528,
                            "y": 281
                        },
                        {
                            "x": 523,
                            "y": 278
                        },
                        {
                            "x": 522,
                            "y": 270
                        },
                        {
                            "x": 530,
                            "y": 221
                        }
                    ]
                },
                "meta": {
                    "zIndex": 1
                }
            },
            "properties": []
        },
        {
            "id": "56d4c1bd-ea96-4985-b839-5545af55cc31",
            "classId": "7dd8df6c-9b8f-45eb-815e-cf12e43586bc",
            "className": "person",
            "annotationType": "polygon",
            "annotation": {
                "multiple": false,
                "coord": {
                    "points": [
                        {
                            "x": 477,
                            "y": 172
                        },
                        {
                            "x": 473,
                            "y": 176
                        },
                        {
                            "x": 473,
                            "y": 196
                        },
                        {
                            "x": 467,
                            "y": 207
                        },
                        {
                            "x": 464,
                            "y": 243
                        },
                        {
                            "x": 473,
                            "y": 270
                        },
                        {
                            "x": 474,
                            "y": 284
                        },
                        {
                            "x": 470,
                            "y": 293
                        },
                        {
                            "x": 482,
                            "y": 294
                        },
                        {
                            "x": 486,
                            "y": 290
                        },
                        {
                            "x": 492,
                            "y": 232
                        },
                        {
                            "x": 492,
                            "y": 196
                        },
                        {
                            "x": 489,
                            "y": 175
                        }
                    ]
                },
                "meta": {
                    "zIndex": 1
                }
            },
            "properties": []
        },
        {
            "id": "2a8daabb-5d31-42b0-9c49-1a5f5bf7dc7e",
            "classId": "7dd8df6c-9b8f-45eb-815e-cf12e43586bc",
            "className": "person",
            "annotationType": "polygon",
            "annotation": {
                "multiple": false,
                "coord": {
                    "points": [
                        {
                            "x": 397,
                            "y": 175
                        },
                        {
                            "x": 391,
                            "y": 180
                        },
                        {
                            "x": 399,
                            "y": 193
                        },
                        {
                            "x": 398,
                            "y": 207
                        },
                        {
                            "x": 392,
                            "y": 213
                        },
                        {
                            "x": 407,
                            "y": 223
                        },
                        {
                            "x": 421,
                            "y": 241
                        },
                        {
                            "x": 425,
                            "y": 242
                        },
                        {
                            "x": 422,
                            "y": 197
                        },
                        {
                            "x": 406,
                            "y": 175
                        }
                    ]
                },
                "meta": {
                    "zIndex": 1
                }
            },
            "properties": []
        },
        {
            "id": "b117a8a4-8682-4afc-a58e-7f42ad67cba5",
            "classId": "7dd8df6c-9b8f-45eb-815e-cf12e43586bc",
            "className": "person",
            "annotationType": "polygon",
            "annotation": {
                "multiple": false,
                "coord": {
                    "points": [
                        {
                            "x": 0,
                            "y": 215
                        },
                        {
                            "x": 0,
                            "y": 325
                        },
                        {
                            "x": 4,
                            "y": 335
                        },
                        {
                            "x": 0,
                            "y": 347
                        },
                        {
                            "x": 4,
                            "y": 348
                        },
                        {
                            "x": 14,
                            "y": 347
                        },
                        {
                            "x": 15,
                            "y": 289
                        },
                        {
                            "x": 10,
                            "y": 242
                        },
                        {
                            "x": 5,
                            "y": 237
                        }
                    ]
                },
                "meta": {
                    "zIndex": 1
                }
            },
            "properties": []
        },
        {
            "id": "59257d71-687b-4fe9-9f72-76d06e34feb1",
            "classId": "7dd8df6c-9b8f-45eb-815e-cf12e43586bc",
            "className": "person",
            "annotationType": "polygon",
            "annotation": {
                "multiple": false,
                "coord": {
                    "points": [
                        {
                            "x": 433,
                            "y": 177
                        },
                        {
                            "x": 430,
                            "y": 181
                        },
                        {
                            "x": 433,
                            "y": 197
                        },
                        {
                            "x": 428,
                            "y": 212
                        },
                        {
                            "x": 431,
                            "y": 221
                        },
                        {
                            "x": 430,
                            "y": 238
                        },
                        {
                            "x": 452,
                            "y": 244
                        },
                        {
                            "x": 457,
                            "y": 208
                        },
                        {
                            "x": 445,
                            "y": 188
                        },
                        {
                            "x": 444,
                            "y": 180
                        }
                    ]
                },
                "meta": {
                    "zIndex": 1
                }
            },
            "properties": []
        },
        {
            "id": "e67a144b-d844-4388-abb0-68d8e0cdcd86",
            "classId": "7dd8df6c-9b8f-45eb-815e-cf12e43586bc",
            "className": "person",
            "annotationType": "polygon",
            "annotation": {
                "multiple": false,
                "coord": {
                    "points": [
                        {
                            "x": 589,
                            "y": 158
                        },
                        {
                            "x": 586,
                            "y": 161
                        },
                        {
                            "x": 588,
                            "y": 175
                        },
                        {
                            "x": 582,
                            "y": 183
                        },
                        {
                            "x": 596,
                            "y": 183
                        },
                        {
                            "x": 608,
                            "y": 192
                        },
                        {
                            "x": 610,
                            "y": 183
                        },
                        {
                            "x": 600,
                            "y": 172
                        },
                        {
                            "x": 600,
                            "y": 159
                        }
                    ]
                },
                "meta": {
                    "zIndex": 1
                }
            },
            "properties": []
        },
        {
            "id": "6f42fffb-0e5d-48fb-9a84-df3b856d8c08",
            "classId": "7dd8df6c-9b8f-45eb-815e-cf12e43586bc",
            "className": "person",
            "annotationType": "polygon",
            "annotation": {
                "multiple": false,
                "coord": {
                    "points": [
                        {
                            "x": 417,
                            "y": 176
                        },
                        {
                            "x": 415,
                            "y": 185
                        },
                        {
                            "x": 423,
                            "y": 196
                        },
                        {
                            "x": 425,
                            "y": 210
                        },
                        {
                            "x": 432,
                            "y": 192
                        },
                        {
                            "x": 424,
                            "y": 177
                        }
                    ]
                },
                "meta": {
                    "zIndex": 1
                }
            },
            "properties": []
        },
        {
            "id": "5f2b0bc3-b010-4364-95df-f8f923fbd3ca",
            "classId": "7dd8df6c-9b8f-45eb-815e-cf12e43586bc",
            "className": "person",
            "annotationType": "polygon",
            "annotation": {
                "multiple": false,
                "coord": {
                    "points": [
                        {
                            "x": 639,
                            "y": 159
                        },
                        {
                            "x": 633,
                            "y": 160
                        },
                        {
                            "x": 632,
                            "y": 176
                        },
                        {
                            "x": 619,
                            "y": 195
                        },
                        {
                            "x": 624,
                            "y": 221
                        },
                        {
                            "x": 637,
                            "y": 234
                        }
                    ]
                },
                "meta": {
                    "zIndex": 1
                }
            },
            "properties": []
        },
        {
            "id": "013bcac0-f1db-44d8-a5cb-b220887ff979",
            "classId": "7dd8df6c-9b8f-45eb-815e-cf12e43586bc",
            "className": "person",
            "annotationType": "polygon",
            "annotation": {
                "multiple": false,
                "coord": {
                    "points": [
                        {
                            "x": 58,
                            "y": 202
                        },
                        {
                            "x": 55,
                            "y": 204
                        },
                        {
                            "x": 54,
                            "y": 213
                        },
                        {
                            "x": 68,
                            "y": 234
                        },
                        {
                            "x": 80,
                            "y": 246
                        },
                        {
                            "x": 77,
                            "y": 226
                        },
                        {
                            "x": 65,
                            "y": 214
                        },
                        {
                            "x": 65,
                            "y": 204
                        }
                    ]
                },
                "meta": {
                    "zIndex": 1
                }
            },
            "properties": []
        },
        {
            "id": "9072eb84-9361-4daa-bc12-19413d550ff9",
            "classId": "cc7312ee-d57d-4eab-b7d4-6479856a5615",
            "className": "truck",
            "annotationType": "polygon",
            "annotation": {
                "multiple": false,
                "coord": {
                    "points": [
                        {
                            "x": 378,
                            "y": 94
                        },
                        {
                            "x": 361,
                            "y": 93
                        },
                        {
                            "x": 350,
                            "y": 101
                        },
                        {
                            "x": 347,
                            "y": 107
                        },
                        {
                            "x": 346,
                            "y": 127
                        },
                        {
                            "x": 342,
                            "y": 131
                        },
                        {
                            "x": 332,
                            "y": 132
                        },
                        {
                            "x": 328,
                            "y": 130
                        },
                        {
                            "x": 312,
                            "y": 115
                        },
                        {
                            "x": 304,
                            "y": 119
                        },
                        {
                            "x": 294,
                            "y": 131
                        },
                        {
                            "x": 275,
                            "y": 134
                        },
                        {
                            "x": 257,
                            "y": 144
                        },
                        {
                            "x": 246,
                            "y": 146
                        },
                        {
                            "x": 230,
                            "y": 158
                        },
                        {
                            "x": 198,
                            "y": 192
                        },
                        {
                            "x": 196,
                            "y": 201
                        },
                        {
                            "x": 196,
                            "y": 242
                        },
                        {
                            "x": 199,
                            "y": 253
                        },
                        {
                            "x": 205,
                            "y": 262
                        },
                        {
                            "x": 223,
                            "y": 281
                        },
                        {
                            "x": 243,
                            "y": 319
                        },
                        {
                            "x": 260,
                            "y": 339
                        },
                        {
                            "x": 264,
                            "y": 350
                        },
                        {
                            "x": 270,
                            "y": 358
                        },
                        {
                            "x": 274,
                            "y": 373
                        },
                        {
                            "x": 286,
                            "y": 385
                        },
                        {
                            "x": 303,
                            "y": 384
                        },
                        {
                            "x": 313,
                            "y": 377
                        },
                        {
                            "x": 374,
                            "y": 376
                        },
                        {
                            "x": 408,
                            "y": 373
                        },
                        {
                            "x": 426,
                            "y": 366
                        },
                        {
                            "x": 447,
                            "y": 362
                        },
                        {
                            "x": 453,
                            "y": 349
                        },
                        {
                            "x": 457,
                            "y": 331
                        },
                        {
                            "x": 459,
                            "y": 275
                        },
                        {
                            "x": 451,
                            "y": 254
                        },
                        {
                            "x": 446,
                            "y": 248
                        },
                        {
                            "x": 426,
                            "y": 239
                        },
                        {
                            "x": 425,
                            "y": 243
                        },
                        {
                            "x": 422,
                            "y": 243
                        },
                        {
                            "x": 410,
                            "y": 227
                        },
                        {
                            "x": 391,
                            "y": 213
                        },
                        {
                            "x": 384,
                            "y": 202
                        },
                        {
                            "x": 384,
                            "y": 168
                        },
                        {
                            "x": 382,
                            "y": 149
                        },
                        {
                            "x": 389,
                            "y": 115
                        },
                        {
                            "x": 382,
                            "y": 97
                        }
                    ]
                },
                "meta": {
                    "zIndex": 1
                }
            },
            "properties": []
        },
        {
            "id": "6a2dc99e-8302-47ef-899b-7de7052f1c9b",
            "classId": "7dd8df6c-9b8f-45eb-815e-cf12e43586bc",
            "className": "person",
            "annotationType": "polygon",
            "annotation": {
                "multiple": false,
                "coord": {
                    "points": [
                        {
                            "x": 471,
                            "y": 182
                        },
                        {
                            "x": 460,
                            "y": 198
                        },
                        {
                            "x": 460,
                            "y": 226
                        },
                        {
                            "x": 464,
                            "y": 226
                        },
                        {
                            "x": 466,
                            "y": 207
                        },
                        {
                            "x": 472,
                            "y": 196
                        }
                    ]
                },
                "meta": {
                    "zIndex": 1
                }
            },
            "properties": []
        },
        {
            "id": "f1f03938-4051-4c9d-80a9-a7f2c236914d",
            "classId": "7dd8df6c-9b8f-45eb-815e-cf12e43586bc",
            "className": "person",
            "annotationType": "polygon",
            "annotation": {
                "multiple": false,
                "coord": {
                    "points": [
                        {
                            "x": 64,
                            "y": 249
                        },
                        {
                            "x": 54,
                            "y": 255
                        },
                        {
                            "x": 63,
                            "y": 270
                        },
                        {
                            "x": 69,
                            "y": 257
                        }
                    ]
                },
                "meta": {
                    "zIndex": 1
                }
            },
            "properties": []
        },
        {
            "id": "9177d635-4f8a-40d5-be67-24aa88892931",
            "classId": "7dd8df6c-9b8f-45eb-815e-cf12e43586bc",
            "className": "person",
            "annotationType": "polygon",
            "annotation": {
                "multiple": false,
                "coord": {
                    "points": [
                        {
                            "x": 459,
                            "y": 226
                        },
                        {
                            "x": 461,
                            "y": 263
                        },
                        {
                            "x": 464,
                            "y": 227
                        }
                    ]
                },
                "meta": {
                    "zIndex": 1
                }
            },
            "properties": []
        },
        {
            "id": "478634bb-c33c-445e-bf6a-3958d16dd6b3",
            "classId": "05030ec6-3d00-4189-83f7-0a4d8fe5ec8a",
            "className": "bag",
            "annotationType": "polygon",
            "annotation": {
                "multiple": false,
                "coord": {
                    "points": [
                        {
                            "x": 216,
                            "y": 283
                        },
                        {
                            "x": 205,
                            "y": 284
                        },
                        {
                            "x": 209,
                            "y": 309
                        },
                        {
                            "x": 204,
                            "y": 313
                        },
                        {
                            "x": 209,
                            "y": 318
                        },
                        {
                            "x": 221,
                            "y": 310
                        },
                        {
                            "x": 219,
                            "y": 288
                        }
                    ]
                },
                "meta": {
                    "zIndex": 1
                }
            },
            "properties": []
        }
    ],
    "categories": {
        "properties": [],
        "frames": []
    }
}