{
    "objects": [
        {
            "id": "32f60f32-a326-432c-bd75-1f7b4e70968e",
            "classId": "7dd8df6c-9b8f-45eb-815e-cf12e43586bc",
            "className": "person",
            "annotationType": "polygon",
            "annotation": {
                "multiple": false,
                "coord": {
                    "points": [
                        {
                            "x": 162,
                            "y": 221
                        },
                        {
                            "x": 157,
                            "y": 228
                        },
                        {
                            "x": 158,
                            "y": 243
                        },
                        {
                            "x": 148,
                            "y": 256
                        },
                        {
                            "x": 146,
                            "y": 265
                        },
                        {
                            "x": 147,
                            "y": 307
                        },
                        {
                            "x": 159,
                            "y": 332
                        },
                        {
                            "x": 165,
                            "y": 372
                        },
                        {
                            "x": 173,
                            "y": 395
                        },
                        {
                            "x": 179,
                            "y": 400
                        },
                        {
                            "x": 197,
                            "y": 399
                        },
                        {
                            "x": 204,
                            "y": 394
                        },
                        {
                            "x": 199,
                            "y": 347
                        },
                        {
                            "x": 201,
                            "y": 312
                        },
                        {
                            "x": 205,
                            "y": 315
                        },
                        {
                            "x": 209,
                            "y": 310
                        },
                        {
                            "x": 210,
                            "y": 290
                        },
                        {
                            "x": 203,
                            "y": 266
                        },
                        {
                            "x": 196,
                            "y": 253
                        },
                        {
                            "x": 179,
                            "y": 238
                        },
                        {
                            "x": 172,
                            "y": 221
                        }
                    ]
                },
                "meta": {
                    "zIndex": 1
                }
            },
            "properties": []
        },
        {
            "id": "1bbd3ad3-779c-459d-af5b-d2774569e032",
            "classId": "7dd8df6c-9b8f-45eb-815e-cf12e43586bc",
            "className": "person",
            "annotationType": "polygon",
            "annotation": {
                "multiple": false,
                "coord": {
                    "points": [
                        {
                            "x": 7,
                            "y": 231
                        },
                        {
                            "x": 0,
                            "y": 233
                        },
                        {
                            "x": 1,
                            "y": 378
                        },
                        {
                            "x": 9,
                            "y": 377
                        },
                        {
                            "x": 15,
                            "y": 364
                        },
                        {
                            "x": 25,
                            "y": 367
                        },
                        {
                            "x": 26,
                            "y": 291
                        },
                        {
                            "x": 37,
                            "y": 281
                        },
                        {
                            "x": 36,
                            "y": 269
                        },
                        {
                            "x": 15,
                            "y": 249
                        },
                        {
                            "x": 14,
                            "y": 238
                        }
                    ]
                },
                "meta": {
                    "zIndex": 1
                }
            },
            "properties": []
        },
        {
            "id": "c9384bbe-2bc8-44b0-ba14-15d2c061e3db",
            "classId": "7dd8df6c-9b8f-45eb-815e-cf12e43586bc",
            "className": "person",
            "annotationType": "polygon",
            "annotation": {
                "multiple": false,
                "coord": {
                    "points": [
                        {
                            "x": 133,
                            "y": 231
                        },
                        {
                            "x": 125,
                            "y": 240
                        },
                        {
                            "x": 123,
                            "y": 252
                        },
                        {
                            "x": 110,
                            "y": 261
                        },
                        {
                            "x": 104,
                            "y": 281
                        },
                        {
                            "x": 105,
                            "y": 308
                        },
                        {
                            "x": 113,
                            "y": 313
                        },
                        {
                            "x": 115,
                            "y": 319
                        },
                        {
                            "x": 121,
                            "y": 394
                        },
                        {
                            "x": 129,
                            "y": 395
                        },
                        {
                            "x": 131,
                            "y": 393
                        },
                        {
                            "x": 133,
                            "y": 361
                        },
                        {
                            "x": 137,
                            "y": 348
                        },
                        {
                            "x": 141,
                            "y": 355
                        },
                        {
                            "x": 147,
                            "y": 389
                        },
                        {
                            "x": 152,
                            "y": 394
                        },
                        {
                            "x": 161,
                            "y": 394
                        },
                        {
                            "x": 165,
                            "y": 386
                        },
                        {
                            "x": 162,
                            "y": 381
                        },
                        {
                            "x": 159,
                            "y": 340
                        },
                        {
                            "x": 145,
                            "y": 301
                        },
                        {
                            "x": 145,
                            "y": 238
                        },
                        {
                            "x": 142,
                            "y": 232
                        }
                    ]
                },
                "meta": {
                    "zIndex": 1
                }
            },
            "properties": []
        },
        {
            "id": "1a7bacdc-e267-49d5-9553-ae7ab4302b7b",
            "classId": "2a2998c9-07a9-4ede-a14b-42d049f55f66",
            "className": "bus",
            "annotationType": "polygon",
            "annotation": {
                "multiple": false,
                "coord": {
                    "points": [
                        {
                            "x": 72,
                            "y": 194
                        },
                        {
                            "x": 69,
                            "y": 206
                        },
                        {
                            "x": 69,
                            "y": 249
                        },
                        {
                            "x": 72,
                            "y": 274
                        },
                        {
                            "x": 76,
                            "y": 287
                        },
                        {
                            "x": 92,
                            "y": 292
                        },
                        {
                            "x": 98,
                            "y": 288
                        },
                        {
                            "x": 105,
                            "y": 275
                        },
                        {
                            "x": 108,
                            "y": 262
                        },
                        {
                            "x": 116,
                            "y": 258
                        },
                        {
                            "x": 122,
                            "y": 252
                        },
                        {
                            "x": 124,
                            "y": 240
                        },
                        {
                            "x": 131,
                            "y": 231
                        },
                        {
                            "x": 140,
                            "y": 230
                        },
                        {
                            "x": 146,
                            "y": 236
                        },
                        {
                            "x": 156,
                            "y": 231
                        },
                        {
                            "x": 157,
                            "y": 225
                        },
                        {
                            "x": 160,
                            "y": 221
                        },
                        {
                            "x": 172,
                            "y": 220
                        },
                        {
                            "x": 176,
                            "y": 227
                        },
                        {
                            "x": 184,
                            "y": 229
                        },
                        {
                            "x": 189,
                            "y": 234
                        },
                        {
                            "x": 207,
                            "y": 266
                        },
                        {
                            "x": 211,
                            "y": 290
                        },
                        {
                            "x": 210,
                            "y": 335
                        },
                        {
                            "x": 213,
                            "y": 347
                        },
                        {
                            "x": 231,
                            "y": 363
                        },
                        {
                            "x": 243,
                            "y": 368
                        },
                        {
                            "x": 255,
                            "y": 376
                        },
                        {
                            "x": 268,
                            "y": 381
                        },
                        {
                            "x": 275,
                            "y": 386
                        },
                        {
                            "x": 281,
                            "y": 393
                        },
                        {
                            "x": 287,
                            "y": 410
                        },
                        {
                            "x": 301,
                            "y": 424
                        },
                        {
                            "x": 311,
                            "y": 430
                        },
                        {
                            "x": 327,
                            "y": 432
                        },
                        {
                            "x": 346,
                            "y": 423
                        },
                        {
                            "x": 351,
                            "y": 418
                        },
                        {
                            "x": 357,
                            "y": 396
                        },
                        {
                            "x": 363,
                            "y": 391
                        },
                        {
                            "x": 375,
                            "y": 389
                        },
                        {
                            "x": 417,
                            "y": 388
                        },
                        {
                            "x": 447,
                            "y": 380
                        },
                        {
                            "x": 455,
                            "y": 381
                        },
                        {
                            "x": 488,
                            "y": 403
                        },
                        {
                            "x": 507,
                            "y": 407
                        },
                        {
                            "x": 515,
                            "y": 396
                        },
                        {
                            "x": 516,
                            "y": 357
                        },
                        {
                            "x": 518,
                            "y": 348
                        },
                        {
                            "x": 537,
                            "y": 331
                        },
                        {
                            "x": 548,
                            "y": 326
                        },
                        {
                            "x": 555,
                            "y": 311
                        },
                        {
                            "x": 557,
                            "y": 279
                        },
                        {
                            "x": 556,
                            "y": 265
                        },
                        {
                            "x": 545,
                            "y": 252
                        },
                        {
                            "x": 522,
                            "y": 245
                        },
                        {
                            "x": 508,
                            "y": 236
                        },
                        {
                            "x": 499,
                            "y": 234
                        },
                        {
                            "x": 483,
                            "y": 225
                        },
                        {
                            "x": 475,
                            "y": 217
                        },
                        {
                            "x": 467,
                            "y": 206
                        },
                        {
                            "x": 463,
                            "y": 194
                        },
                        {
                            "x": 460,
                            "y": 135
                        },
                        {
                            "x": 456,
                            "y": 131
                        },
                        {
                            "x": 446,
                            "y": 127
                        },
                        {
                            "x": 438,
                            "y": 120
                        },
                        {
                            "x": 432,
                            "y": 118
                        },
                        {
                            "x": 409,
                            "y": 116
                        },
                        {
                            "x": 383,
                            "y": 107
                        },
                        {
                            "x": 332,
                            "y": 106
                        },
                        {
                            "x": 311,
                            "y": 108
                        },
                        {
                            "x": 286,
                            "y": 116
                        },
                        {
                            "x": 256,
                            "y": 119
                        },
                        {
                            "x": 238,
                            "y": 128
                        },
                        {
                            "x": 217,
                            "y": 130
                        },
                        {
                            "x": 202,
                            "y": 139
                        },
                        {
                            "x": 182,
                            "y": 142
                        },
                        {
                            "x": 167,
                            "y": 152
                        },
                        {
                            "x": 149,
                            "y": 155
                        },
                        {
                            "x": 136,
                            "y": 163
                        },
                        {
                            "x": 112,
                            "y": 167
                        },
                        {
                            "x": 85,
                            "y": 181
                        }
                    ]
                },
                "meta": {
                    "zIndex": 1
                }
            },
            "properties": []
        },
        {
            "id": "c7d580fd-10ad-4f23-9481-1ddfbc90bbc2",
            "classId": "05030ec6-3d00-4189-83f7-0a4d8fe5ec8a",
            "className": "bag",
            "annotationType": "polygon",
            "annotation": {
                "multiple": false,
                "coord": {
                    "points": [
                        {
                            "x": 104,
                            "y": 297
                        },
                        {
                            "x": 101,
                            "y": 311
                        },
                        {
                            "x": 113,
                            "y": 319
                        },
                        {
                            "x": 104,
                            "y": 308
                        }
                    ]
                },
                "meta": {
                    "zIndex": 1
                }
            },
            "properties": []
        },
        {
            "id": "e108657c-95f1-4da2-ac2b-0736001228ff",
            "classId": "c2d45f4f-b583-49e4-b50c-c4dc801c70d1",
            "className": "car",
            "annotationType": "polygon",
            "annotation": {
                "multiple": false,
                "coord": {
                    "points": [
                        {
                            "x": 637,
                            "y": 314
                        },
                        {
                            "x": 616,
                            "y": 315
                        },
                        {
                            "x": 606,
                            "y": 318
                        },
                        {
                            "x": 588,
                            "y": 320
                        },
                        {
                            "x": 582,
                            "y": 323
                        },
                        {
                            "x": 564,
                            "y": 325
                        },
                        {
                            "x": 555,
                            "y": 329
                        },
                        {
                            "x": 545,
                            "y": 330
                        },
                        {
                            "x": 535,
                            "y": 334
                        },
                        {
                            "x": 519,
                            "y": 348
                        },
                        {
                            "x": 519,
                            "y": 358
                        },
                        {
                            "x": 526,
                            "y": 374
                        },
                        {
                            "x": 526,
                            "y": 380
                        },
                        {
                            "x": 517,
                            "y": 396
                        },
                        {
                            "x": 517,
                            "y": 402
                        },
                        {
                            "x": 526,
                            "y": 411
                        },
                        {
                            "x": 532,
                            "y": 420
                        },
                        {
                            "x": 540,
                            "y": 427
                        },
                        {
                            "x": 586,
                            "y": 456
                        },
                        {
                            "x": 604,
                            "y": 461
                        },
                        {
                            "x": 637,
                            "y": 460
                        }
                    ]
                },
                "meta": {
                    "zIndex": 1
                }
            },
            "properties": []
        },
        {
            "id": "d38831e7-f34f-4c37-972d-93fc9a871677",
            "classId": "cc7312ee-d57d-4eab-b7d4-6479856a5615",
            "className": "truck",
            "annotationType": "polygon",
            "annotation": {
                "multiple": false,
                "coord": {
                    "points": [
                        {
                            "x": 464,
                            "y": 161
                        },
                        {
                            "x": 467,
                            "y": 204
                        },
                        {
                            "x": 483,
                            "y": 224
                        },
                        {
                            "x": 499,
                            "y": 233
                        },
                        {
                            "x": 519,
                            "y": 237
                        },
                        {
                            "x": 528,
                            "y": 241
                        },
                        {
                            "x": 534,
                            "y": 247
                        },
                        {
                            "x": 547,
                            "y": 251
                        },
                        {
                            "x": 565,
                            "y": 231
                        },
                        {
                            "x": 586,
                            "y": 236
                        },
                        {
                            "x": 622,
                            "y": 235
                        },
                        {
                            "x": 635,
                            "y": 232
                        },
                        {
                            "x": 635,
                            "y": 213
                        },
                        {
                            "x": 630,
                            "y": 203
                        },
                        {
                            "x": 601,
                            "y": 170
                        },
                        {
                            "x": 597,
                            "y": 162
                        },
                        {
                            "x": 592,
                            "y": 159
                        },
                        {
                            "x": 513,
                            "y": 155
                        },
                        {
                            "x": 470,
                            "y": 157
                        }
                    ]
                },
                "meta": {
                    "zIndex": 1
                }
            },
            "properties": []
        },
        {
            "id": "865f3846-ec8a-44bd-aa28-b35f1493fa15",
            "classId": "7dd8df6c-9b8f-45eb-815e-cf12e43586bc",
            "className": "person",
            "annotationType": "polygon",
            "annotation": {
                "multiple": false,
                "coord": {
                    "points": [
                        {
                            "x": 43,
                            "y": 228
                        },
                        {
                            "x": 37,
                            "y": 229
                        },
                        {
                            "x": 32,
                            "y": 242
                        },
                        {
                            "x": 32,
                            "y": 260
                        },
                        {
                            "x": 39,
                            "y": 273
                        },
                        {
                            "x": 34,
                            "y": 295
                        },
                        {
                            "x": 36,
                            "y": 299
                        },
                        {
                            "x": 46,
                            "y": 298
                        },
                        {
                            "x": 50,
                            "y": 252
                        }
                    ]
                },
                "meta": {
                    "zIndex": 1
                }
            },
            "properties": []
        },
        {
            "id": "020a8040-d157-4f7c-883c-4a1da88efd60",
            "classId": "7dd8df6c-9b8f-45eb-815e-cf12e43586bc",
            "className": "person",
            "annotationType": "polygon",
            "annotation": {
                "multiple": false,
                "coord": {
                    "points": [
                        {
                            "x": 65,
                            "y": 238
                        },
                        {
                            "x": 60,
                            "y": 239
                        },
                        {
                            "x": 57,
                            "y": 255
                        },
                        {
                            "x": 67,
                            "y": 262
                        },
                        {
                            "x": 69,
                            "y": 250
                        }
                    ]
                },
                "meta": {
                    "zIndex": 1
                }
            },
            "properties": []
        },
        {
            "id": "026505b9-60ea-4f21-9c98-ccba4aa5e03f",
            "classId": "cc7312ee-d57d-4eab-b7d4-6479856a5615",
            "className": "truck",
            "annotationType": "polygon",
            "annotation": {
                "multiple": false,
                "coord": {
                    "points": [
                        {
                            "x": 599,
                            "y": 160
                        },
                        {
                            "x": 598,
                            "y": 163
                        },
                        {
                            "x": 602,
                            "y": 170
                        },
                        {
                            "x": 631,
                            "y": 203
                        },
                        {
                            "x": 638,
                            "y": 225
                        },
                        {
                            "x": 638,
                            "y": 157
                        },
                        {
                            "x": 610,
                            "y": 157
                        }
                    ]
                },
                "meta": {
                    "zIndex": 1
                }
            },
            "properties": []
        },
        {
            "id": "5d8a724d-d7c3-4330-a089-5bebd4f04882",
            "classId": "7dd8df6c-9b8f-45eb-815e-cf12e43586bc",
            "className": "person",
            "annotationType": "polygon",
            "annotation": {
                "multiple": false,
                "coord": {
                    "points": [
                        {
                            "x": 3,
                            "y": 230
                        },
                        {
                            "x": 9,
                            "y": 231
                        },
                        {
                            "x": 8,
                            "y": 228
                        }
                    ]
                },
                "meta": {
                    "zIndex": 1
                }
            },
            "properties": []
        },
        {
            "id": "fb2ef7f7-6659-4385-8f5d-fcb05dbe248a",
            "classId": "c2d45f4f-b583-49e4-b50c-c4dc801c70d1",
            "className": "car",
            "annotationType": "polygon",
            "annotation": {
                "multiple": false,
                "coord": {
                    "points": [
                        {
                            "x": 54,
                            "y": 257
                        },
                        {
                            "x": 50,
                            "y": 269
                        },
                        {
                            "x": 53,
                            "y": 295
                        },
                        {
                            "x": 61,
                            "y": 294
                        },
                        {
                            "x": 63,
                            "y": 291
                        },
                        {
                            "x": 76,
                            "y": 293
                        },
                        {
                            "x": 69,
                            "y": 256
                        },
                        {
                            "x": 67,
                            "y": 263
                        },
                        {
                            "x": 64,
                            "y": 263
                        },
                        {
                            "x": 59,
                            "y": 256
                        }
                    ]
                },
                "meta": {
                    "zIndex": 1
                }
            },
            "properties": []
        }
    ],
    "categories": {
        "properties": [],
        "frames": []
    }
}