{
    "objects": [
        {
            "id": "520169ea-6143-4f4e-9c7a-538165fde4d6",
            "classId": "7dd8df6c-9b8f-45eb-815e-cf12e43586bc",
            "className": "person",
            "annotationType": "polygon",
            "annotation": {
                "multiple": false,
                "coord": {
                    "points": [
                        {
                            "x": 508,
                            "y": 410
                        },
                        {
                            "x": 500,
                            "y": 410
                        },
                        {
                            "x": 497,
                            "y": 413
                        },
                        {
                            "x": 498,
                            "y": 430
                        },
                        {
                            "x": 483,
                            "y": 443
                        },
                        {
                            "x": 485,
                            "y": 478
                        },
                        {
                            "x": 517,
                            "y": 477
                        },
                        {
                            "x": 527,
                            "y": 441
                        },
                        {
                            "x": 513,
                            "y": 429
                        },
                        {
                            "x": 513,
                            "y": 414
                        }
                    ]
                },
                "meta": {
                    "zIndex": 1
                }
            },
            "properties": []
        },
        {
            "id": "cced7aeb-bbe0-4f92-90f6-e73b4d0ddc95",
            "classId": "7dd8df6c-9b8f-45eb-815e-cf12e43586bc",
            "className": "person",
            "annotationType": "polygon",
            "annotation": {
                "multiple": false,
                "coord": {
                    "points": [
                        {
                            "x": 342,
                            "y": 420
                        },
                        {
                            "x": 334,
                            "y": 421
                        },
                        {
                            "x": 333,
                            "y": 435
                        },
                        {
                            "x": 321,
                            "y": 448
                        },
                        {
                            "x": 321,
                            "y": 461
                        },
                        {
                            "x": 315,
                            "y": 478
                        },
                        {
                            "x": 357,
                            "y": 478
                        },
                        {
                            "x": 365,
                            "y": 469
                        },
                        {
                            "x": 364,
                            "y": 452
                        },
                        {
                            "x": 362,
                            "y": 448
                        },
                        {
                            "x": 353,
                            "y": 441
                        },
                        {
                            "x": 347,
                            "y": 424
                        }
                    ]
                },
                "meta": {
                    "zIndex": 1
                }
            },
            "properties": []
        },
        {
            "id": "ced506d5-ebbe-413a-9df9-94b2d0721549",
            "classId": "7dd8df6c-9b8f-45eb-815e-cf12e43586bc",
            "className": "person",
            "annotationType": "polygon",
            "annotation": {
                "multiple": false,
                "coord": {
                    "points": [
                        {
                            "x": 522,
                            "y": 409
                        },
                        {
                            "x": 520,
                            "y": 417
                        },
                        {
                            "x": 530,
                            "y": 431
                        },
                        {
                            "x": 532,
                            "y": 447
                        },
                        {
                            "x": 543,
                            "y": 459
                        },
                        {
                            "x": 543,
                            "y": 477
                        },
                        {
                            "x": 571,
                            "y": 477
                        },
                        {
                            "x": 570,
                            "y": 465
                        },
                        {
                            "x": 573,
                            "y": 449
                        },
                        {
                            "x": 562,
                            "y": 423
                        },
                        {
                            "x": 542,
                            "y": 414
                        },
                        {
                            "x": 535,
                            "y": 408
                        }
                    ]
                },
                "meta": {
                    "zIndex": 1
                }
            },
            "properties": []
        },
        {
            "id": "5bdf51ff-e245-467f-87f7-982785c49704",
            "classId": "7dd8df6c-9b8f-45eb-815e-cf12e43586bc",
            "className": "person",
            "annotationType": "polygon",
            "annotation": {
                "multiple": false,
                "coord": {
                    "points": [
                        {
                            "x": 286,
                            "y": 415
                        },
                        {
                            "x": 282,
                            "y": 418
                        },
                        {
                            "x": 280,
                            "y": 429
                        },
                        {
                            "x": 269,
                            "y": 445
                        },
                        {
                            "x": 269,
                            "y": 479
                        },
                        {
                            "x": 311,
                            "y": 479
                        },
                        {
                            "x": 313,
                            "y": 465
                        },
                        {
                            "x": 310,
                            "y": 444
                        },
                        {
                            "x": 306,
                            "y": 438
                        },
                        {
                            "x": 294,
                            "y": 432
                        },
                        {
                            "x": 295,
                            "y": 420
                        }
                    ]
                },
                "meta": {
                    "zIndex": 1
                }
            },
            "properties": []
        },
        {
            "id": "46feaab6-7a00-4fa0-9369-04629f1597cd",
            "classId": "7dd8df6c-9b8f-45eb-815e-cf12e43586bc",
            "className": "person",
            "annotationType": "polygon",
            "annotation": {
                "multiple": false,
                "coord": {
                    "points": [
                        {
                            "x": 455,
                            "y": 390
                        },
                        {
                            "x": 449,
                            "y": 395
                        },
                        {
                            "x": 451,
                            "y": 410
                        },
                        {
                            "x": 444,
                            "y": 416
                        },
                        {
                            "x": 440,
                            "y": 423
                        },
                        {
                            "x": 438,
                            "y": 446
                        },
                        {
                            "x": 446,
                            "y": 454
                        },
                        {
                            "x": 446,
                            "y": 475
                        },
                        {
                            "x": 449,
                            "y": 479
                        },
                        {
                            "x": 479,
                            "y": 478
                        },
                        {
                            "x": 479,
                            "y": 461
                        },
                        {
                            "x": 469,
                            "y": 447
                        },
                        {
                            "x": 470,
                            "y": 435
                        },
                        {
                            "x": 478,
                            "y": 418
                        },
                        {
                            "x": 466,
                            "y": 407
                        },
                        {
                            "x": 464,
                            "y": 394
                        }
                    ]
                },
                "meta": {
                    "zIndex": 1
                }
            },
            "properties": []
        },
        {
            "id": "937f7354-f7e8-4280-9d8d-811475f8136d",
            "classId": "c2d45f4f-b583-49e4-b50c-c4dc801c70d1",
            "className": "car",
            "annotationType": "polygon",
            "annotation": {
                "multiple": false,
                "coord": {
                    "points": [
                        {
                            "x": 348,
                            "y": 424
                        },
                        {
                            "x": 354,
                            "y": 441
                        },
                        {
                            "x": 364,
                            "y": 449
                        },
                        {
                            "x": 366,
                            "y": 477
                        },
                        {
                            "x": 401,
                            "y": 478
                        },
                        {
                            "x": 405,
                            "y": 474
                        },
                        {
                            "x": 408,
                            "y": 466
                        },
                        {
                            "x": 405,
                            "y": 450
                        },
                        {
                            "x": 388,
                            "y": 445
                        },
                        {
                            "x": 357,
                            "y": 425
                        }
                    ]
                },
                "meta": {
                    "zIndex": 1
                }
            },
            "properties": []
        },
        {
            "id": "39091c95-7218-4ed2-8dc2-1434cf36e54d",
            "classId": "2a2998c9-07a9-4ede-a14b-42d049f55f66",
            "className": "bus",
            "annotationType": "polygon",
            "annotation": {
                "multiple": false,
                "coord": {
                    "points": [
                        {
                            "x": 612,
                            "y": 356
                        },
                        {
                            "x": 614,
                            "y": 407
                        },
                        {
                            "x": 638,
                            "y": 410
                        },
                        {
                            "x": 639,
                            "y": 358
                        }
                    ]
                },
                "meta": {
                    "zIndex": 1
                }
            },
            "properties": []
        },
        {
            "id": "ecd67839-b0d3-4dc1-a22b-afb40e6b2ec4",
            "classId": "7dd8df6c-9b8f-45eb-815e-cf12e43586bc",
            "className": "person",
            "annotationType": "polygon",
            "annotation": {
                "multiple": false,
                "coord": {
                    "points": [
                        {
                            "x": 492,
                            "y": 396
                        },
                        {
                            "x": 484,
                            "y": 399
                        },
                        {
                            "x": 481,
                            "y": 409
                        },
                        {
                            "x": 485,
                            "y": 418
                        },
                        {
                            "x": 474,
                            "y": 427
                        },
                        {
                            "x": 470,
                            "y": 447
                        },
                        {
                            "x": 480,
                            "y": 459
                        },
                        {
                            "x": 483,
                            "y": 477
                        },
                        {
                            "x": 482,
                            "y": 443
                        },
                        {
                            "x": 496,
                            "y": 430
                        },
                        {
                            "x": 495,
                            "y": 415
                        },
                        {
                            "x": 499,
                            "y": 408
                        },
                        {
                            "x": 497,
                            "y": 399
                        }
                    ]
                },
                "meta": {
                    "zIndex": 1
                }
            },
            "properties": []
        },
        {
            "id": "b3925fc9-00f1-42be-b1da-f0ce430deb61",
            "classId": "7dd8df6c-9b8f-45eb-815e-cf12e43586bc",
            "className": "person",
            "annotationType": "polygon",
            "annotation": {
                "multiple": false,
                "coord": {
                    "points": [
                        {
                            "x": 426,
                            "y": 407
                        },
                        {
                            "x": 415,
                            "y": 433
                        },
                        {
                            "x": 417,
                            "y": 474
                        },
                        {
                            "x": 420,
                            "y": 479
                        },
                        {
                            "x": 438,
                            "y": 479
                        },
                        {
                            "x": 443,
                            "y": 475
                        },
                        {
                            "x": 436,
                            "y": 452
                        },
                        {
                            "x": 435,
                            "y": 415
                        },
                        {
                            "x": 432,
                            "y": 407
                        }
                    ]
                },
                "meta": {
                    "zIndex": 1
                }
            },
            "properties": []
        },
        {
            "id": "3c3f0912-8e15-4977-ae3a-b05d3979b633",
            "classId": "c2d45f4f-b583-49e4-b50c-c4dc801c70d1",
            "className": "car",
            "annotationType": "polygon",
            "annotation": {
                "multiple": false,
                "coord": {
                    "points": [
                        {
                            "x": 44,
                            "y": 415
                        },
                        {
                            "x": 44,
                            "y": 420
                        },
                        {
                            "x": 51,
                            "y": 423
                        },
                        {
                            "x": 53,
                            "y": 431
                        },
                        {
                            "x": 63,
                            "y": 434
                        },
                        {
                            "x": 99,
                            "y": 432
                        },
                        {
                            "x": 118,
                            "y": 420
                        },
                        {
                            "x": 116,
                            "y": 407
                        },
                        {
                            "x": 109,
                            "y": 402
                        },
                        {
                            "x": 62,
                            "y": 403
                        }
                    ]
                },
                "meta": {
                    "zIndex": 1
                }
            },
            "properties": []
        },
        {
            "id": "35c018de-ce99-4e46-9fbd-246067722a65",
            "classId": "c2d45f4f-b583-49e4-b50c-c4dc801c70d1",
            "className": "car",
            "annotationType": "polygon",
            "annotation": {
                "multiple": false,
                "coord": {
                    "points": [
                        {
                            "x": 257,
                            "y": 422
                        },
                        {
                            "x": 261,
                            "y": 427
                        },
                        {
                            "x": 278,
                            "y": 425
                        },
                        {
                            "x": 290,
                            "y": 405
                        },
                        {
                            "x": 300,
                            "y": 409
                        },
                        {
                            "x": 299,
                            "y": 423
                        },
                        {
                            "x": 325,
                            "y": 422
                        },
                        {
                            "x": 328,
                            "y": 419
                        },
                        {
                            "x": 312,
                            "y": 404
                        },
                        {
                            "x": 288,
                            "y": 403
                        },
                        {
                            "x": 259,
                            "y": 417
                        }
                    ]
                },
                "meta": {
                    "zIndex": 1
                }
            },
            "properties": []
        },
        {
            "id": "54a69212-d056-471a-9ccf-a4dea94f9d7e",
            "classId": "c2d45f4f-b583-49e4-b50c-c4dc801c70d1",
            "className": "car",
            "annotationType": "polygon",
            "annotation": {
                "multiple": false,
                "coord": {
                    "points": [
                        {
                            "x": 332,
                            "y": 403
                        },
                        {
                            "x": 339,
                            "y": 410
                        },
                        {
                            "x": 350,
                            "y": 411
                        },
                        {
                            "x": 358,
                            "y": 422
                        },
                        {
                            "x": 364,
                            "y": 421
                        },
                        {
                            "x": 363,
                            "y": 411
                        },
                        {
                            "x": 356,
                            "y": 408
                        },
                        {
                            "x": 344,
                            "y": 408
                        }
                    ]
                },
                "meta": {
                    "zIndex": 1
                }
            },
            "properties": []
        },
        {
            "id": "900ba406-9162-4161-8e89-c52f1deac40d",
            "classId": "cc7312ee-d57d-4eab-b7d4-6479856a5615",
            "className": "truck",
            "annotationType": "polygon",
            "annotation": {
                "multiple": false,
                "coord": {
                    "points": [
                        {
                            "x": 496,
                            "y": 365
                        },
                        {
                            "x": 492,
                            "y": 362
                        },
                        {
                            "x": 461,
                            "y": 362
                        },
                        {
                            "x": 436,
                            "y": 366
                        },
                        {
                            "x": 433,
                            "y": 371
                        },
                        {
                            "x": 433,
                            "y": 398
                        },
                        {
                            "x": 438,
                            "y": 415
                        },
                        {
                            "x": 449,
                            "y": 411
                        },
                        {
                            "x": 448,
                            "y": 395
                        },
                        {
                            "x": 458,
                            "y": 389
                        },
                        {
                            "x": 465,
                            "y": 394
                        },
                        {
                            "x": 469,
                            "y": 408
                        },
                        {
                            "x": 479,
                            "y": 417
                        },
                        {
                            "x": 480,
                            "y": 402
                        },
                        {
                            "x": 496,
                            "y": 394
                        }
                    ]
                },
                "meta": {
                    "zIndex": 1
                }
            },
            "properties": []
        },
        {
            "id": "101282d8-a3fe-48d3-8624-67fd29319419",
            "classId": "c2d45f4f-b583-49e4-b50c-c4dc801c70d1",
            "className": "car",
            "annotationType": "polygon",
            "annotation": {
                "multiple": false,
                "coord": {
                    "points": [
                        {
                            "x": 352,
                            "y": 400
                        },
                        {
                            "x": 370,
                            "y": 414
                        },
                        {
                            "x": 383,
                            "y": 414
                        },
                        {
                            "x": 381,
                            "y": 404
                        }
                    ]
                },
                "meta": {
                    "zIndex": 1
                }
            },
            "properties": []
        },
        {
            "id": "d0f479cf-9e07-4d25-98fb-983a42558731",
            "classId": "05030ec6-3d00-4189-83f7-0a4d8fe5ec8a",
            "className": "bag",
            "annotationType": "polygon",
            "annotation": {
                "multiple": false,
                "coord": {
                    "points": [
                        {
                            "x": 527,
                            "y": 446
                        },
                        {
                            "x": 519,
                            "y": 477
                        },
                        {
                            "x": 541,
                            "y": 477
                        },
                        {
                            "x": 542,
                            "y": 459
                        }
                    ]
                },
                "meta": {
                    "zIndex": 1
                }
            },
            "properties": []
        },
        {
            "id": "67ea0ab9-b1b0-450d-997b-896a15c78235",
            "classId": "c2d45f4f-b583-49e4-b50c-c4dc801c70d1",
            "className": "car",
            "annotationType": "polygon",
            "annotation": {
                "multiple": false,
                "coord": {
                    "points": [
                        {
                            "x": 320,
                            "y": 409
                        },
                        {
                            "x": 329,
                            "y": 421
                        },
                        {
                            "x": 330,
                            "y": 415
                        }
                    ]
                },
                "meta": {
                    "zIndex": 1
                }
            },
            "properties": []
        },
        {
            "id": "9d1697f7-686a-45da-bf4e-1971016aba52",
            "classId": "c2d45f4f-b583-49e4-b50c-c4dc801c70d1",
            "className": "car",
            "annotationType": "polygon",
            "annotation": {
                "multiple": false,
                "coord": {
                    "points": [
                        {
                            "x": 331,
                            "y": 405
                        },
                        {
                            "x": 335,
                            "y": 418
                        },
                        {
                            "x": 352,
                            "y": 419
                        },
                        {
                            "x": 350,
                            "y": 412
                        }
                    ]
                },
                "meta": {
                    "zIndex": 1
                }
            },
            "properties": []
        },
        {
            "id": "23045cee-ad97-4c4d-929b-2a38a7bb1246",
            "classId": "c2d45f4f-b583-49e4-b50c-c4dc801c70d1",
            "className": "car",
            "annotationType": "polygon",
            "annotation": {
                "multiple": false,
                "coord": {
                    "points": [
                        {
                            "x": 533,
                            "y": 386
                        },
                        {
                            "x": 536,
                            "y": 405
                        },
                        {
                            "x": 542,
                            "y": 411
                        },
                        {
                            "x": 555,
                            "y": 410
                        },
                        {
                            "x": 558,
                            "y": 396
                        },
                        {
                            "x": 542,
                            "y": 386
                        }
                    ]
                },
                "meta": {
                    "zIndex": 1
                }
            },
            "properties": []
        },
        {
            "id": "c7b2c626-37a0-43f1-9418-f0c121b0ca91",
            "classId": "c2d45f4f-b583-49e4-b50c-c4dc801c70d1",
            "className": "car",
            "annotationType": "polygon",
            "annotation": {
                "multiple": false,
                "coord": {
                    "points": [
                        {
                            "x": 379,
                            "y": 401
                        },
                        {
                            "x": 389,
                            "y": 413
                        },
                        {
                            "x": 402,
                            "y": 402
                        }
                    ]
                },
                "meta": {
                    "zIndex": 1
                }
            },
            "properties": []
        },
        {
            "id": "c3633e07-961f-4ba6-abe5-aa4b5300edb1",
            "classId": "c2d45f4f-b583-49e4-b50c-c4dc801c70d1",
            "className": "car",
            "annotationType": "polygon",
            "annotation": {
                "multiple": false,
                "coord": {
                    "points": [
                        {
                            "x": 157,
                            "y": 414
                        },
                        {
                            "x": 148,
                            "y": 406
                        },
                        {
                            "x": 131,
                            "y": 405
                        },
                        {
                            "x": 105,
                            "y": 431
                        },
                        {
                            "x": 104,
                            "y": 438
                        },
                        {
                            "x": 117,
                            "y": 444
                        },
                        {
                            "x": 123,
                            "y": 442
                        },
                        {
                            "x": 130,
                            "y": 432
                        },
                        {
                            "x": 153,
                            "y": 438
                        },
                        {
                            "x": 157,
                            "y": 432
                        }
                    ]
                },
                "meta": {
                    "zIndex": 1
                }
            },
            "properties": []
        },
        {
            "id": "f020607b-27dc-4338-9d2f-3d019d15cf4c",
            "classId": "c2d45f4f-b583-49e4-b50c-c4dc801c70d1",
            "className": "car",
            "annotationType": "polygon",
            "annotation": {
                "multiple": false,
                "coord": {
                    "points": [
                        {
                            "x": 157,
                            "y": 393
                        },
                        {
                            "x": 120,
                            "y": 401
                        },
                        {
                            "x": 118,
                            "y": 409
                        },
                        {
                            "x": 141,
                            "y": 404
                        },
                        {
                            "x": 152,
                            "y": 407
                        },
                        {
                            "x": 156,
                            "y": 412
                        }
                    ]
                },
                "meta": {
                    "zIndex": 1
                }
            },
            "properties": []
        }
    ],
    "categories": {
        "properties": [],
        "frames": []
    }
}