{
    "objects": [
        {
            "id": "ae3ba39b-da52-49d1-84a6-3cca6f28b048",
            "classId": "7dd8df6c-9b8f-45eb-815e-cf12e43586bc",
            "className": "person",
            "annotationType": "polygon",
            "annotation": {
                "multiple": false,
                "coord": {
                    "points": [
                        {
                            "x": 127,
                            "y": 83
                        },
                        {
                            "x": 117,
                            "y": 85
                        },
                        {
                            "x": 110,
                            "y": 93
                        },
                        {
                            "x": 109,
                            "y": 121
                        },
                        {
                            "x": 99,
                            "y": 136
                        },
                        {
                            "x": 95,
                            "y": 176
                        },
                        {
                            "x": 82,
                            "y": 198
                        },
                        {
                            "x": 77,
                            "y": 211
                        },
                        {
                            "x": 80,
                            "y": 219
                        },
                        {
                            "x": 86,
                            "y": 214
                        },
                        {
                            "x": 95,
                            "y": 195
                        },
                        {
                            "x": 103,
                            "y": 187
                        },
                        {
                            "x": 105,
                            "y": 189
                        },
                        {
                            "x": 104,
                            "y": 225
                        },
                        {
                            "x": 101,
                            "y": 242
                        },
                        {
                            "x": 103,
                            "y": 248
                        },
                        {
                            "x": 114,
                            "y": 246
                        },
                        {
                            "x": 118,
                            "y": 239
                        },
                        {
                            "x": 127,
                            "y": 208
                        },
                        {
                            "x": 130,
                            "y": 187
                        },
                        {
                            "x": 138,
                            "y": 180
                        },
                        {
                            "x": 150,
                            "y": 177
                        },
                        {
                            "x": 155,
                            "y": 171
                        },
                        {
                            "x": 151,
                            "y": 137
                        },
                        {
                            "x": 146,
                            "y": 127
                        },
                        {
                            "x": 134,
                            "y": 115
                        },
                        {
                            "x": 137,
                            "y": 101
                        },
                        {
                            "x": 136,
                            "y": 92
                        }
                    ]
                },
                "meta": {
                    "zIndex": 1
                }
            },
            "properties": []
        },
        {
            "id": "16d8e85e-f7ae-427d-8c8d-92f2134f0a04",
            "classId": "7dd8df6c-9b8f-45eb-815e-cf12e43586bc",
            "className": "person",
            "annotationType": "polygon",
            "annotation": {
                "multiple": false,
                "coord": {
                    "points": [
                        {
                            "x": 23,
                            "y": 100
                        },
                        {
                            "x": 13,
                            "y": 105
                        },
                        {
                            "x": 11,
                            "y": 123
                        },
                        {
                            "x": 2,
                            "y": 142
                        },
                        {
                            "x": 3,
                            "y": 161
                        },
                        {
                            "x": 10,
                            "y": 171
                        },
                        {
                            "x": 3,
                            "y": 248
                        },
                        {
                            "x": 16,
                            "y": 248
                        },
                        {
                            "x": 18,
                            "y": 246
                        },
                        {
                            "x": 19,
                            "y": 212
                        },
                        {
                            "x": 21,
                            "y": 202
                        },
                        {
                            "x": 26,
                            "y": 195
                        },
                        {
                            "x": 34,
                            "y": 203
                        },
                        {
                            "x": 38,
                            "y": 212
                        },
                        {
                            "x": 45,
                            "y": 244
                        },
                        {
                            "x": 53,
                            "y": 244
                        },
                        {
                            "x": 58,
                            "y": 238
                        },
                        {
                            "x": 43,
                            "y": 184
                        },
                        {
                            "x": 43,
                            "y": 166
                        },
                        {
                            "x": 49,
                            "y": 152
                        },
                        {
                            "x": 48,
                            "y": 145
                        },
                        {
                            "x": 34,
                            "y": 120
                        },
                        {
                            "x": 32,
                            "y": 107
                        },
                        {
                            "x": 27,
                            "y": 101
                        }
                    ]
                },
                "meta": {
                    "zIndex": 1
                }
            },
            "properties": []
        },
        {
            "id": "47b82d9e-fe98-4b83-ac2e-7c55653b5072",
            "classId": "7dd8df6c-9b8f-45eb-815e-cf12e43586bc",
            "className": "person",
            "annotationType": "polygon",
            "annotation": {
                "multiple": false,
                "coord": {
                    "points": [
                        {
                            "x": 264,
                            "y": 99
                        },
                        {
                            "x": 253,
                            "y": 116
                        },
                        {
                            "x": 255,
                            "y": 144
                        },
                        {
                            "x": 251,
                            "y": 154
                        },
                        {
                            "x": 243,
                            "y": 162
                        },
                        {
                            "x": 239,
                            "y": 174
                        },
                        {
                            "x": 239,
                            "y": 197
                        },
                        {
                            "x": 246,
                            "y": 248
                        },
                        {
                            "x": 246,
                            "y": 274
                        },
                        {
                            "x": 242,
                            "y": 284
                        },
                        {
                            "x": 242,
                            "y": 295
                        },
                        {
                            "x": 250,
                            "y": 329
                        },
                        {
                            "x": 252,
                            "y": 377
                        },
                        {
                            "x": 265,
                            "y": 433
                        },
                        {
                            "x": 269,
                            "y": 437
                        },
                        {
                            "x": 306,
                            "y": 438
                        },
                        {
                            "x": 319,
                            "y": 433
                        },
                        {
                            "x": 318,
                            "y": 420
                        },
                        {
                            "x": 305,
                            "y": 409
                        },
                        {
                            "x": 303,
                            "y": 399
                        },
                        {
                            "x": 308,
                            "y": 352
                        },
                        {
                            "x": 309,
                            "y": 288
                        },
                        {
                            "x": 318,
                            "y": 263
                        },
                        {
                            "x": 316,
                            "y": 198
                        },
                        {
                            "x": 309,
                            "y": 175
                        },
                        {
                            "x": 302,
                            "y": 163
                        },
                        {
                            "x": 289,
                            "y": 154
                        },
                        {
                            "x": 291,
                            "y": 114
                        },
                        {
                            "x": 287,
                            "y": 102
                        },
                        {
                            "x": 282,
                            "y": 99
                        }
                    ]
                },
                "meta": {
                    "zIndex": 1
                }
            },
            "properties": []
        },
        {
            "id": "5e5e4f86-35a4-42a7-8211-f91bcedd2ebf",
            "classId": "7dd8df6c-9b8f-45eb-815e-cf12e43586bc",
            "className": "person",
            "annotationType": "polygon",
            "annotation": {
                "multiple": false,
                "coord": {
                    "points": [
                        {
                            "x": 593,
                            "y": 82
                        },
                        {
                            "x": 584,
                            "y": 91
                        },
                        {
                            "x": 582,
                            "y": 100
                        },
                        {
                            "x": 587,
                            "y": 122
                        },
                        {
                            "x": 587,
                            "y": 154
                        },
                        {
                            "x": 597,
                            "y": 184
                        },
                        {
                            "x": 594,
                            "y": 255
                        },
                        {
                            "x": 584,
                            "y": 282
                        },
                        {
                            "x": 566,
                            "y": 297
                        },
                        {
                            "x": 562,
                            "y": 306
                        },
                        {
                            "x": 564,
                            "y": 310
                        },
                        {
                            "x": 579,
                            "y": 318
                        },
                        {
                            "x": 586,
                            "y": 317
                        },
                        {
                            "x": 603,
                            "y": 286
                        },
                        {
                            "x": 615,
                            "y": 274
                        },
                        {
                            "x": 622,
                            "y": 280
                        },
                        {
                            "x": 628,
                            "y": 295
                        },
                        {
                            "x": 622,
                            "y": 306
                        },
                        {
                            "x": 621,
                            "y": 316
                        },
                        {
                            "x": 630,
                            "y": 317
                        },
                        {
                            "x": 638,
                            "y": 313
                        },
                        {
                            "x": 639,
                            "y": 266
                        },
                        {
                            "x": 630,
                            "y": 229
                        },
                        {
                            "x": 631,
                            "y": 220
                        },
                        {
                            "x": 639,
                            "y": 205
                        },
                        {
                            "x": 639,
                            "y": 133
                        },
                        {
                            "x": 637,
                            "y": 126
                        },
                        {
                            "x": 619,
                            "y": 110
                        },
                        {
                            "x": 620,
                            "y": 100
                        },
                        {
                            "x": 617,
                            "y": 92
                        },
                        {
                            "x": 607,
                            "y": 83
                        }
                    ]
                },
                "meta": {
                    "zIndex": 1
                }
            },
            "properties": []
        },
        {
            "id": "05c196e2-7928-42cc-b86d-ae1269d113b7",
            "classId": "7dd8df6c-9b8f-45eb-815e-cf12e43586bc",
            "className": "person",
            "annotationType": "polygon",
            "annotation": {
                "multiple": false,
                "coord": {
                    "points": [
                        {
                            "x": 298,
                            "y": 102
                        },
                        {
                            "x": 293,
                            "y": 115
                        },
                        {
                            "x": 290,
                            "y": 154
                        },
                        {
                            "x": 299,
                            "y": 159
                        },
                        {
                            "x": 309,
                            "y": 173
                        },
                        {
                            "x": 318,
                            "y": 207
                        },
                        {
                            "x": 319,
                            "y": 263
                        },
                        {
                            "x": 311,
                            "y": 282
                        },
                        {
                            "x": 308,
                            "y": 389
                        },
                        {
                            "x": 310,
                            "y": 394
                        },
                        {
                            "x": 320,
                            "y": 401
                        },
                        {
                            "x": 363,
                            "y": 403
                        },
                        {
                            "x": 370,
                            "y": 399
                        },
                        {
                            "x": 370,
                            "y": 383
                        },
                        {
                            "x": 362,
                            "y": 355
                        },
                        {
                            "x": 358,
                            "y": 350
                        },
                        {
                            "x": 348,
                            "y": 346
                        },
                        {
                            "x": 335,
                            "y": 336
                        },
                        {
                            "x": 335,
                            "y": 327
                        },
                        {
                            "x": 347,
                            "y": 301
                        },
                        {
                            "x": 351,
                            "y": 277
                        },
                        {
                            "x": 349,
                            "y": 250
                        },
                        {
                            "x": 341,
                            "y": 227
                        },
                        {
                            "x": 342,
                            "y": 217
                        },
                        {
                            "x": 344,
                            "y": 215
                        },
                        {
                            "x": 350,
                            "y": 219
                        },
                        {
                            "x": 355,
                            "y": 230
                        },
                        {
                            "x": 361,
                            "y": 234
                        },
                        {
                            "x": 365,
                            "y": 228
                        },
                        {
                            "x": 365,
                            "y": 214
                        },
                        {
                            "x": 341,
                            "y": 167
                        },
                        {
                            "x": 327,
                            "y": 151
                        },
                        {
                            "x": 323,
                            "y": 142
                        },
                        {
                            "x": 324,
                            "y": 115
                        },
                        {
                            "x": 316,
                            "y": 103
                        }
                    ]
                },
                "meta": {
                    "zIndex": 1
                }
            },
            "properties": []
        },
        {
            "id": "23a9d076-03e9-4592-b2b4-4218dd270cfb",
            "classId": "7dd8df6c-9b8f-45eb-815e-cf12e43586bc",
            "className": "person",
            "annotationType": "polygon",
            "annotation": {
                "multiple": false,
                "coord": {
                    "points": [
                        {
                            "x": 363,
                            "y": 75
                        },
                        {
                            "x": 355,
                            "y": 77
                        },
                        {
                            "x": 350,
                            "y": 82
                        },
                        {
                            "x": 348,
                            "y": 97
                        },
                        {
                            "x": 354,
                            "y": 111
                        },
                        {
                            "x": 351,
                            "y": 127
                        },
                        {
                            "x": 352,
                            "y": 181
                        },
                        {
                            "x": 357,
                            "y": 198
                        },
                        {
                            "x": 362,
                            "y": 205
                        },
                        {
                            "x": 366,
                            "y": 206
                        },
                        {
                            "x": 381,
                            "y": 167
                        },
                        {
                            "x": 381,
                            "y": 143
                        },
                        {
                            "x": 385,
                            "y": 135
                        },
                        {
                            "x": 395,
                            "y": 127
                        },
                        {
                            "x": 397,
                            "y": 116
                        },
                        {
                            "x": 380,
                            "y": 102
                        },
                        {
                            "x": 378,
                            "y": 82
                        },
                        {
                            "x": 371,
                            "y": 76
                        }
                    ]
                },
                "meta": {
                    "zIndex": 1
                }
            },
            "properties": []
        },
        {
            "id": "c4c1732d-5bc4-4a04-8eba-dec52149cc3a",
            "classId": "7dd8df6c-9b8f-45eb-815e-cf12e43586bc",
            "className": "person",
            "annotationType": "polygon",
            "annotation": {
                "multiple": false,
                "coord": {
                    "points": [
                        {
                            "x": 192,
                            "y": 99
                        },
                        {
                            "x": 188,
                            "y": 104
                        },
                        {
                            "x": 187,
                            "y": 116
                        },
                        {
                            "x": 182,
                            "y": 122
                        },
                        {
                            "x": 179,
                            "y": 158
                        },
                        {
                            "x": 184,
                            "y": 167
                        },
                        {
                            "x": 210,
                            "y": 170
                        },
                        {
                            "x": 212,
                            "y": 131
                        },
                        {
                            "x": 202,
                            "y": 116
                        },
                        {
                            "x": 199,
                            "y": 101
                        }
                    ]
                },
                "meta": {
                    "zIndex": 1
                }
            },
            "properties": []
        },
        {
            "id": "3cb5804b-e8aa-44d9-bcb3-ce1a0bf7fe44",
            "classId": "7dd8df6c-9b8f-45eb-815e-cf12e43586bc",
            "className": "person",
            "annotationType": "polygon",
            "annotation": {
                "multiple": false,
                "coord": {
                    "points": [
                        {
                            "x": 246,
                            "y": 96
                        },
                        {
                            "x": 241,
                            "y": 96
                        },
                        {
                            "x": 236,
                            "y": 101
                        },
                        {
                            "x": 237,
                            "y": 118
                        },
                        {
                            "x": 232,
                            "y": 125
                        },
                        {
                            "x": 223,
                            "y": 151
                        },
                        {
                            "x": 222,
                            "y": 166
                        },
                        {
                            "x": 244,
                            "y": 160
                        },
                        {
                            "x": 253,
                            "y": 147
                        },
                        {
                            "x": 254,
                            "y": 135
                        },
                        {
                            "x": 251,
                            "y": 118
                        },
                        {
                            "x": 256,
                            "y": 104
                        }
                    ]
                },
                "meta": {
                    "zIndex": 1
                }
            },
            "properties": []
        },
        {
            "id": "fdf106ea-a555-40ec-bf71-9c7003a6a4a5",
            "classId": "7dd8df6c-9b8f-45eb-815e-cf12e43586bc",
            "className": "person",
            "annotationType": "polygon",
            "annotation": {
                "multiple": false,
                "coord": {
                    "points": [
                        {
                            "x": 230,
                            "y": 102
                        },
                        {
                            "x": 221,
                            "y": 104
                        },
                        {
                            "x": 219,
                            "y": 108
                        },
                        {
                            "x": 220,
                            "y": 123
                        },
                        {
                            "x": 213,
                            "y": 132
                        },
                        {
                            "x": 212,
                            "y": 170
                        },
                        {
                            "x": 219,
                            "y": 175
                        },
                        {
                            "x": 223,
                            "y": 170
                        },
                        {
                            "x": 221,
                            "y": 166
                        },
                        {
                            "x": 222,
                            "y": 151
                        },
                        {
                            "x": 236,
                            "y": 117
                        },
                        {
                            "x": 234,
                            "y": 103
                        }
                    ]
                },
                "meta": {
                    "zIndex": 1
                }
            },
            "properties": []
        },
        {
            "id": "801260d8-cf2c-44b1-9439-2969f0299d49",
            "classId": "7dd8df6c-9b8f-45eb-815e-cf12e43586bc",
            "className": "person",
            "annotationType": "polygon",
            "annotation": {
                "multiple": false,
                "coord": {
                    "points": [
                        {
                            "x": 60,
                            "y": 104
                        },
                        {
                            "x": 55,
                            "y": 111
                        },
                        {
                            "x": 54,
                            "y": 125
                        },
                        {
                            "x": 48,
                            "y": 140
                        },
                        {
                            "x": 51,
                            "y": 154
                        },
                        {
                            "x": 48,
                            "y": 168
                        },
                        {
                            "x": 51,
                            "y": 178
                        },
                        {
                            "x": 62,
                            "y": 192
                        },
                        {
                            "x": 66,
                            "y": 237
                        },
                        {
                            "x": 74,
                            "y": 237
                        },
                        {
                            "x": 77,
                            "y": 233
                        },
                        {
                            "x": 76,
                            "y": 210
                        },
                        {
                            "x": 83,
                            "y": 183
                        },
                        {
                            "x": 85,
                            "y": 148
                        },
                        {
                            "x": 81,
                            "y": 134
                        },
                        {
                            "x": 73,
                            "y": 123
                        },
                        {
                            "x": 68,
                            "y": 107
                        },
                        {
                            "x": 65,
                            "y": 104
                        }
                    ]
                },
                "meta": {
                    "zIndex": 1
                }
            },
            "properties": []
        },
        {
            "id": "d8c99fdc-4178-400d-bc17-7bf207eda07e",
            "classId": "05030ec6-3d00-4189-83f7-0a4d8fe5ec8a",
            "className": "bag",
            "annotationType": "polygon",
            "annotation": {
                "multiple": false,
                "coord": {
                    "points": [
                        {
                            "x": 241,
                            "y": 162
                        },
                        {
                            "x": 234,
                            "y": 167
                        },
                        {
                            "x": 220,
                            "y": 200
                        },
                        {
                            "x": 204,
                            "y": 256
                        },
                        {
                            "x": 205,
                            "y": 268
                        },
                        {
                            "x": 209,
                            "y": 277
                        },
                        {
                            "x": 221,
                            "y": 286
                        },
                        {
                            "x": 234,
                            "y": 286
                        },
                        {
                            "x": 243,
                            "y": 279
                        },
                        {
                            "x": 245,
                            "y": 274
                        },
                        {
                            "x": 244,
                            "y": 232
                        },
                        {
                            "x": 238,
                            "y": 197
                        },
                        {
                            "x": 238,
                            "y": 174
                        }
                    ]
                },
                "meta": {
                    "zIndex": 1
                }
            },
            "properties": []
        },
        {
            "id": "9fd5184f-2bf4-4ba0-8d24-0edc24f60ac2",
            "classId": "7dd8df6c-9b8f-45eb-815e-cf12e43586bc",
            "className": "person",
            "annotationType": "polygon",
            "annotation": {
                "multiple": false,
                "coord": {
                    "points": [
                        {
                            "x": 326,
                            "y": 90
                        },
                        {
                            "x": 319,
                            "y": 95
                        },
                        {
                            "x": 319,
                            "y": 106
                        },
                        {
                            "x": 327,
                            "y": 122
                        },
                        {
                            "x": 324,
                            "y": 142
                        },
                        {
                            "x": 328,
                            "y": 150
                        },
                        {
                            "x": 344,
                            "y": 165
                        },
                        {
                            "x": 349,
                            "y": 133
                        },
                        {
                            "x": 342,
                            "y": 115
                        },
                        {
                            "x": 334,
                            "y": 111
                        },
                        {
                            "x": 334,
                            "y": 94
                        }
                    ]
                },
                "meta": {
                    "zIndex": 1
                }
            },
            "properties": []
        },
        {
            "id": "a7f22b0e-c769-4eaf-9076-e6504b78de9c",
            "classId": "7dd8df6c-9b8f-45eb-815e-cf12e43586bc",
            "className": "person",
            "annotationType": "polygon",
            "annotation": {
                "multiple": false,
                "coord": {
                    "points": [
                        {
                            "x": 151,
                            "y": 104
                        },
                        {
                            "x": 146,
                            "y": 126
                        },
                        {
                            "x": 154,
                            "y": 144
                        },
                        {
                            "x": 158,
                            "y": 170
                        },
                        {
                            "x": 163,
                            "y": 166
                        },
                        {
                            "x": 166,
                            "y": 154
                        },
                        {
                            "x": 170,
                            "y": 150
                        },
                        {
                            "x": 168,
                            "y": 123
                        },
                        {
                            "x": 163,
                            "y": 119
                        },
                        {
                            "x": 158,
                            "y": 106
                        }
                    ]
                },
                "meta": {
                    "zIndex": 1
                }
            },
            "properties": []
        },
        {
            "id": "7380f723-d328-4761-af29-0cbcd7f72c69",
            "classId": "7dd8df6c-9b8f-45eb-815e-cf12e43586bc",
            "className": "person",
            "annotationType": "polygon",
            "annotation": {
                "multiple": false,
                "coord": {
                    "points": [
                        {
                            "x": 78,
                            "y": 95
                        },
                        {
                            "x": 73,
                            "y": 96
                        },
                        {
                            "x": 69,
                            "y": 104
                        },
                        {
                            "x": 74,
                            "y": 123
                        },
                        {
                            "x": 82,
                            "y": 134
                        },
                        {
                            "x": 86,
                            "y": 148
                        },
                        {
                            "x": 85,
                            "y": 175
                        },
                        {
                            "x": 81,
                            "y": 195
                        },
                        {
                            "x": 91,
                            "y": 178
                        },
                        {
                            "x": 90,
                            "y": 148
                        },
                        {
                            "x": 94,
                            "y": 132
                        },
                        {
                            "x": 87,
                            "y": 102
                        }
                    ]
                },
                "meta": {
                    "zIndex": 1
                }
            },
            "properties": []
        },
        {
            "id": "5ede2336-26c0-4bc2-a415-3190c3f08b08",
            "classId": "7dd8df6c-9b8f-45eb-815e-cf12e43586bc",
            "className": "person",
            "annotationType": "polygon",
            "annotation": {
                "multiple": false,
                "coord": {
                    "points": [
                        {
                            "x": 51,
                            "y": 89
                        },
                        {
                            "x": 43,
                            "y": 90
                        },
                        {
                            "x": 38,
                            "y": 96
                        },
                        {
                            "x": 39,
                            "y": 111
                        },
                        {
                            "x": 37,
                            "y": 123
                        },
                        {
                            "x": 48,
                            "y": 138
                        },
                        {
                            "x": 57,
                            "y": 106
                        },
                        {
                            "x": 56,
                            "y": 94
                        }
                    ]
                },
                "meta": {
                    "zIndex": 1
                }
            },
            "properties": []
        },
        {
            "id": "ee794b7d-ae0a-4442-b1e7-7cae91cdd518",
            "classId": "7dd8df6c-9b8f-45eb-815e-cf12e43586bc",
            "className": "person",
            "annotationType": "polygon",
            "annotation": {
                "multiple": false,
                "coord": {
                    "points": [
                        {
                            "x": 409,
                            "y": 102
                        },
                        {
                            "x": 413,
                            "y": 112
                        },
                        {
                            "x": 436,
                            "y": 110
                        },
                        {
                            "x": 438,
                            "y": 99
                        },
                        {
                            "x": 431,
                            "y": 92
                        },
                        {
                            "x": 418,
                            "y": 91
                        }
                    ]
                },
                "meta": {
                    "zIndex": 1
                }
            },
            "properties": []
        },
        {
            "id": "e3866868-d614-4158-9504-c2da3cea8f6d",
            "classId": "7dd8df6c-9b8f-45eb-815e-cf12e43586bc",
            "className": "person",
            "annotationType": "polygon",
            "annotation": {
                "multiple": false,
                "coord": {
                    "points": [
                        {
                            "x": 183,
                            "y": 98
                        },
                        {
                            "x": 173,
                            "y": 98
                        },
                        {
                            "x": 176,
                            "y": 108
                        },
                        {
                            "x": 171,
                            "y": 116
                        },
                        {
                            "x": 173,
                            "y": 170
                        },
                        {
                            "x": 182,
                            "y": 167
                        },
                        {
                            "x": 178,
                            "y": 151
                        },
                        {
                            "x": 181,
                            "y": 122
                        },
                        {
                            "x": 187,
                            "y": 109
                        },
                        {
                            "x": 187,
                            "y": 101
                        }
                    ]
                },
                "meta": {
                    "zIndex": 1
                }
            },
            "properties": []
        },
        {
            "id": "0d8c77b3-ebe3-437d-ac43-4e86c4746c3d",
            "classId": "05030ec6-3d00-4189-83f7-0a4d8fe5ec8a",
            "className": "bag",
            "annotationType": "polygon",
            "annotation": {
                "multiple": false,
                "coord": {
                    "points": [
                        {
                            "x": 49,
                            "y": 157
                        },
                        {
                            "x": 44,
                            "y": 166
                        },
                        {
                            "x": 49,
                            "y": 175
                        }
                    ]
                },
                "meta": {
                    "zIndex": 1
                }
            },
            "properties": []
        },
        {
            "id": "0b0a1138-c330-44ce-a01e-e8d6f58c13d0",
            "classId": "7dd8df6c-9b8f-45eb-815e-cf12e43586bc",
            "className": "person",
            "annotationType": "polygon",
            "annotation": {
                "multiple": false,
                "coord": {
                    "points": [
                        {
                            "x": 105,
                            "y": 92
                        },
                        {
                            "x": 97,
                            "y": 94
                        },
                        {
                            "x": 91,
                            "y": 113
                        },
                        {
                            "x": 97,
                            "y": 128
                        },
                        {
                            "x": 100,
                            "y": 123
                        },
                        {
                            "x": 108,
                            "y": 121
                        },
                        {
                            "x": 108,
                            "y": 95
                        }
                    ]
                },
                "meta": {
                    "zIndex": 1
                }
            },
            "properties": []
        },
        {
            "id": "a0780f53-341a-47c5-be60-69c16dd1fc32",
            "classId": "cc7312ee-d57d-4eab-b7d4-6479856a5615",
            "className": "truck",
            "annotationType": "polygon",
            "annotation": {
                "multiple": false,
                "coord": {
                    "points": [
                        {
                            "x": 632,
                            "y": 92
                        },
                        {
                            "x": 630,
                            "y": 79
                        },
                        {
                            "x": 612,
                            "y": 57
                        },
                        {
                            "x": 592,
                            "y": 52
                        },
                        {
                            "x": 375,
                            "y": 55
                        },
                        {
                            "x": 364,
                            "y": 62
                        },
                        {
                            "x": 356,
                            "y": 75
                        },
                        {
                            "x": 366,
                            "y": 74
                        },
                        {
                            "x": 376,
                            "y": 79
                        },
                        {
                            "x": 386,
                            "y": 101
                        },
                        {
                            "x": 400,
                            "y": 101
                        },
                        {
                            "x": 418,
                            "y": 90
                        },
                        {
                            "x": 428,
                            "y": 90
                        },
                        {
                            "x": 436,
                            "y": 95
                        },
                        {
                            "x": 448,
                            "y": 97
                        },
                        {
                            "x": 578,
                            "y": 94
                        },
                        {
                            "x": 593,
                            "y": 81
                        },
                        {
                            "x": 607,
                            "y": 82
                        },
                        {
                            "x": 619,
                            "y": 91
                        },
                        {
                            "x": 627,
                            "y": 102
                        }
                    ]
                },
                "meta": {
                    "zIndex": 1
                }
            },
            "properties": []
        }
    ],
    "categories": {
        "properties": [],
        "frames": []
    }
}