{
    "objects": [
        {
            "id": "b4d4f369-af67-4a0f-a35d-3cf5a6158e4b",
            "classId": "2a2998c9-07a9-4ede-a14b-42d049f55f66",
            "className": "bus",
            "annotationType": "polygon",
            "annotation": {
                "multiple": false,
                "coord": {
                    "points": [
                        {
                            "x": 327,
                            "y": 80
                        },
                        {
                            "x": 329,
                            "y": 94
                        },
                        {
                            "x": 340,
                            "y": 95
                        },
                        {
                            "x": 350,
                            "y": 88
                        },
                        {
                            "x": 362,
                            "y": 89
                        },
                        {
                            "x": 371,
                            "y": 100
                        },
                        {
                            "x": 381,
                            "y": 104
                        },
                        {
                            "x": 388,
                            "y": 104
                        },
                        {
                            "x": 425,
                            "y": 91
                        },
                        {
                            "x": 437,
                            "y": 91
                        },
                        {
                            "x": 461,
                            "y": 107
                        },
                        {
                            "x": 471,
                            "y": 119
                        },
                        {
                            "x": 472,
                            "y": 133
                        },
                        {
                            "x": 465,
                            "y": 145
                        },
                        {
                            "x": 460,
                            "y": 175
                        },
                        {
                            "x": 470,
                            "y": 180
                        },
                        {
                            "x": 492,
                            "y": 169
                        },
                        {
                            "x": 505,
                            "y": 166
                        },
                        {
                            "x": 544,
                            "y": 165
                        },
                        {
                            "x": 569,
                            "y": 172
                        },
                        {
                            "x": 580,
                            "y": 167
                        },
                        {
                            "x": 591,
                            "y": 157
                        },
                        {
                            "x": 614,
                            "y": 151
                        },
                        {
                            "x": 626,
                            "y": 140
                        },
                        {
                            "x": 627,
                            "y": 136
                        },
                        {
                            "x": 626,
                            "y": 58
                        },
                        {
                            "x": 622,
                            "y": 52
                        },
                        {
                            "x": 614,
                            "y": 49
                        },
                        {
                            "x": 548,
                            "y": 43
                        },
                        {
                            "x": 522,
                            "y": 33
                        },
                        {
                            "x": 498,
                            "y": 31
                        },
                        {
                            "x": 483,
                            "y": 27
                        },
                        {
                            "x": 433,
                            "y": 24
                        },
                        {
                            "x": 382,
                            "y": 26
                        },
                        {
                            "x": 365,
                            "y": 33
                        },
                        {
                            "x": 337,
                            "y": 52
                        },
                        {
                            "x": 331,
                            "y": 74
                        }
                    ]
                },
                "meta": {
                    "zIndex": 1
                }
            },
            "properties": []
        },
        {
            "id": "73b93ad4-48b7-4487-9cd0-9173ebe0aa28",
            "classId": "7dd8df6c-9b8f-45eb-815e-cf12e43586bc",
            "className": "person",
            "annotationType": "polygon",
            "annotation": {
                "multiple": false,
                "coord": {
                    "points": [
                        {
                            "x": 233,
                            "y": 94
                        },
                        {
                            "x": 225,
                            "y": 103
                        },
                        {
                            "x": 212,
                            "y": 133
                        },
                        {
                            "x": 212,
                            "y": 165
                        },
                        {
                            "x": 220,
                            "y": 173
                        },
                        {
                            "x": 218,
                            "y": 222
                        },
                        {
                            "x": 221,
                            "y": 238
                        },
                        {
                            "x": 221,
                            "y": 266
                        },
                        {
                            "x": 213,
                            "y": 276
                        },
                        {
                            "x": 212,
                            "y": 282
                        },
                        {
                            "x": 223,
                            "y": 291
                        },
                        {
                            "x": 230,
                            "y": 291
                        },
                        {
                            "x": 232,
                            "y": 289
                        },
                        {
                            "x": 237,
                            "y": 240
                        },
                        {
                            "x": 241,
                            "y": 230
                        },
                        {
                            "x": 245,
                            "y": 248
                        },
                        {
                            "x": 243,
                            "y": 304
                        },
                        {
                            "x": 245,
                            "y": 306
                        },
                        {
                            "x": 252,
                            "y": 306
                        },
                        {
                            "x": 255,
                            "y": 303
                        },
                        {
                            "x": 255,
                            "y": 291
                        },
                        {
                            "x": 260,
                            "y": 271
                        },
                        {
                            "x": 262,
                            "y": 232
                        },
                        {
                            "x": 278,
                            "y": 178
                        },
                        {
                            "x": 280,
                            "y": 155
                        },
                        {
                            "x": 275,
                            "y": 140
                        },
                        {
                            "x": 253,
                            "y": 113
                        },
                        {
                            "x": 243,
                            "y": 95
                        }
                    ]
                },
                "meta": {
                    "zIndex": 1
                }
            },
            "properties": []
        },
        {
            "id": "cefecd76-3a92-4d72-9e7d-7235a38dca31",
            "classId": "7dd8df6c-9b8f-45eb-815e-cf12e43586bc",
            "className": "person",
            "annotationType": "polygon",
            "annotation": {
                "multiple": false,
                "coord": {
                    "points": [
                        {
                            "x": 404,
                            "y": 98
                        },
                        {
                            "x": 395,
                            "y": 103
                        },
                        {
                            "x": 397,
                            "y": 118
                        },
                        {
                            "x": 392,
                            "y": 122
                        },
                        {
                            "x": 386,
                            "y": 138
                        },
                        {
                            "x": 389,
                            "y": 220
                        },
                        {
                            "x": 384,
                            "y": 230
                        },
                        {
                            "x": 393,
                            "y": 232
                        },
                        {
                            "x": 397,
                            "y": 229
                        },
                        {
                            "x": 396,
                            "y": 196
                        },
                        {
                            "x": 402,
                            "y": 190
                        },
                        {
                            "x": 410,
                            "y": 199
                        },
                        {
                            "x": 417,
                            "y": 236
                        },
                        {
                            "x": 423,
                            "y": 235
                        },
                        {
                            "x": 418,
                            "y": 172
                        },
                        {
                            "x": 425,
                            "y": 129
                        },
                        {
                            "x": 412,
                            "y": 116
                        },
                        {
                            "x": 410,
                            "y": 98
                        }
                    ]
                },
                "meta": {
                    "zIndex": 1
                }
            },
            "properties": []
        },
        {
            "id": "168435e3-fc0b-4356-bb01-9db2417664e0",
            "classId": "7dd8df6c-9b8f-45eb-815e-cf12e43586bc",
            "className": "person",
            "annotationType": "polygon",
            "annotation": {
                "multiple": false,
                "coord": {
                    "points": [
                        {
                            "x": 109,
                            "y": 77
                        },
                        {
                            "x": 96,
                            "y": 79
                        },
                        {
                            "x": 93,
                            "y": 86
                        },
                        {
                            "x": 94,
                            "y": 101
                        },
                        {
                            "x": 83,
                            "y": 114
                        },
                        {
                            "x": 78,
                            "y": 131
                        },
                        {
                            "x": 78,
                            "y": 173
                        },
                        {
                            "x": 85,
                            "y": 218
                        },
                        {
                            "x": 86,
                            "y": 274
                        },
                        {
                            "x": 90,
                            "y": 277
                        },
                        {
                            "x": 102,
                            "y": 275
                        },
                        {
                            "x": 104,
                            "y": 267
                        },
                        {
                            "x": 115,
                            "y": 273
                        },
                        {
                            "x": 138,
                            "y": 270
                        },
                        {
                            "x": 138,
                            "y": 264
                        },
                        {
                            "x": 132,
                            "y": 262
                        },
                        {
                            "x": 124,
                            "y": 250
                        },
                        {
                            "x": 124,
                            "y": 207
                        },
                        {
                            "x": 121,
                            "y": 181
                        },
                        {
                            "x": 125,
                            "y": 175
                        },
                        {
                            "x": 125,
                            "y": 169
                        },
                        {
                            "x": 116,
                            "y": 150
                        },
                        {
                            "x": 115,
                            "y": 122
                        },
                        {
                            "x": 111,
                            "y": 109
                        },
                        {
                            "x": 119,
                            "y": 94
                        },
                        {
                            "x": 120,
                            "y": 86
                        }
                    ]
                },
                "meta": {
                    "zIndex": 1
                }
            },
            "properties": []
        },
        {
            "id": "66aa1ded-dee2-4589-be88-dd55306daa26",
            "classId": "7dd8df6c-9b8f-45eb-815e-cf12e43586bc",
            "className": "person",
            "annotationType": "polygon",
            "annotation": {
                "multiple": false,
                "coord": {
                    "points": [
                        {
                            "x": 131,
                            "y": 106
                        },
                        {
                            "x": 124,
                            "y": 116
                        },
                        {
                            "x": 124,
                            "y": 121
                        },
                        {
                            "x": 128,
                            "y": 121
                        },
                        {
                            "x": 133,
                            "y": 130
                        },
                        {
                            "x": 132,
                            "y": 162
                        },
                        {
                            "x": 128,
                            "y": 171
                        },
                        {
                            "x": 130,
                            "y": 188
                        },
                        {
                            "x": 125,
                            "y": 202
                        },
                        {
                            "x": 127,
                            "y": 238
                        },
                        {
                            "x": 134,
                            "y": 236
                        },
                        {
                            "x": 135,
                            "y": 210
                        },
                        {
                            "x": 142,
                            "y": 197
                        },
                        {
                            "x": 146,
                            "y": 197
                        },
                        {
                            "x": 161,
                            "y": 240
                        },
                        {
                            "x": 156,
                            "y": 247
                        },
                        {
                            "x": 156,
                            "y": 254
                        },
                        {
                            "x": 170,
                            "y": 254
                        },
                        {
                            "x": 178,
                            "y": 251
                        },
                        {
                            "x": 179,
                            "y": 246
                        },
                        {
                            "x": 172,
                            "y": 235
                        },
                        {
                            "x": 161,
                            "y": 198
                        },
                        {
                            "x": 167,
                            "y": 185
                        },
                        {
                            "x": 165,
                            "y": 143
                        },
                        {
                            "x": 148,
                            "y": 124
                        },
                        {
                            "x": 145,
                            "y": 111
                        },
                        {
                            "x": 138,
                            "y": 106
                        }
                    ]
                },
                "meta": {
                    "zIndex": 1
                }
            },
            "properties": []
        },
        {
            "id": "a2876674-d07b-4b56-b619-8d6753c866c4",
            "classId": "7dd8df6c-9b8f-45eb-815e-cf12e43586bc",
            "className": "person",
            "annotationType": "polygon",
            "annotation": {
                "multiple": false,
                "coord": {
                    "points": [
                        {
                            "x": 196,
                            "y": 81
                        },
                        {
                            "x": 191,
                            "y": 89
                        },
                        {
                            "x": 193,
                            "y": 103
                        },
                        {
                            "x": 178,
                            "y": 116
                        },
                        {
                            "x": 171,
                            "y": 133
                        },
                        {
                            "x": 171,
                            "y": 143
                        },
                        {
                            "x": 182,
                            "y": 154
                        },
                        {
                            "x": 186,
                            "y": 239
                        },
                        {
                            "x": 183,
                            "y": 261
                        },
                        {
                            "x": 190,
                            "y": 264
                        },
                        {
                            "x": 213,
                            "y": 260
                        },
                        {
                            "x": 219,
                            "y": 187
                        },
                        {
                            "x": 218,
                            "y": 173
                        },
                        {
                            "x": 211,
                            "y": 165
                        },
                        {
                            "x": 211,
                            "y": 133
                        },
                        {
                            "x": 220,
                            "y": 113
                        },
                        {
                            "x": 210,
                            "y": 99
                        },
                        {
                            "x": 206,
                            "y": 82
                        }
                    ]
                },
                "meta": {
                    "zIndex": 1
                }
            },
            "properties": []
        },
        {
            "id": "cfa19b87-497d-43e8-86fe-b6fd7235c3a6",
            "classId": "7dd8df6c-9b8f-45eb-815e-cf12e43586bc",
            "className": "person",
            "annotationType": "polygon",
            "annotation": {
                "multiple": false,
                "coord": {
                    "points": [
                        {
                            "x": 313,
                            "y": 87
                        },
                        {
                            "x": 305,
                            "y": 97
                        },
                        {
                            "x": 308,
                            "y": 120
                        },
                        {
                            "x": 301,
                            "y": 128
                        },
                        {
                            "x": 298,
                            "y": 143
                        },
                        {
                            "x": 292,
                            "y": 148
                        },
                        {
                            "x": 292,
                            "y": 160
                        },
                        {
                            "x": 301,
                            "y": 162
                        },
                        {
                            "x": 305,
                            "y": 169
                        },
                        {
                            "x": 304,
                            "y": 203
                        },
                        {
                            "x": 313,
                            "y": 232
                        },
                        {
                            "x": 319,
                            "y": 278
                        },
                        {
                            "x": 315,
                            "y": 293
                        },
                        {
                            "x": 333,
                            "y": 296
                        },
                        {
                            "x": 337,
                            "y": 228
                        },
                        {
                            "x": 352,
                            "y": 192
                        },
                        {
                            "x": 352,
                            "y": 150
                        },
                        {
                            "x": 348,
                            "y": 133
                        },
                        {
                            "x": 333,
                            "y": 113
                        },
                        {
                            "x": 332,
                            "y": 96
                        },
                        {
                            "x": 325,
                            "y": 87
                        }
                    ]
                },
                "meta": {
                    "zIndex": 1
                }
            },
            "properties": []
        },
        {
            "id": "754e8405-3c20-46eb-aa36-2e4851aa0cfe",
            "classId": "7dd8df6c-9b8f-45eb-815e-cf12e43586bc",
            "className": "person",
            "annotationType": "polygon",
            "annotation": {
                "multiple": false,
                "coord": {
                    "points": [
                        {
                            "x": 425,
                            "y": 92
                        },
                        {
                            "x": 420,
                            "y": 100
                        },
                        {
                            "x": 426,
                            "y": 113
                        },
                        {
                            "x": 413,
                            "y": 111
                        },
                        {
                            "x": 413,
                            "y": 116
                        },
                        {
                            "x": 425,
                            "y": 123
                        },
                        {
                            "x": 427,
                            "y": 131
                        },
                        {
                            "x": 421,
                            "y": 178
                        },
                        {
                            "x": 424,
                            "y": 220
                        },
                        {
                            "x": 430,
                            "y": 219
                        },
                        {
                            "x": 433,
                            "y": 187
                        },
                        {
                            "x": 438,
                            "y": 180
                        },
                        {
                            "x": 442,
                            "y": 192
                        },
                        {
                            "x": 438,
                            "y": 223
                        },
                        {
                            "x": 455,
                            "y": 223
                        },
                        {
                            "x": 452,
                            "y": 151
                        },
                        {
                            "x": 445,
                            "y": 140
                        },
                        {
                            "x": 448,
                            "y": 109
                        },
                        {
                            "x": 437,
                            "y": 92
                        }
                    ]
                },
                "meta": {
                    "zIndex": 1
                }
            },
            "properties": []
        },
        {
            "id": "f5e50cdf-cbc5-4595-ad89-406a56cb0077",
            "classId": "7dd8df6c-9b8f-45eb-815e-cf12e43586bc",
            "className": "person",
            "annotationType": "polygon",
            "annotation": {
                "multiple": false,
                "coord": {
                    "points": [
                        {
                            "x": 350,
                            "y": 89
                        },
                        {
                            "x": 336,
                            "y": 117
                        },
                        {
                            "x": 350,
                            "y": 133
                        },
                        {
                            "x": 359,
                            "y": 197
                        },
                        {
                            "x": 359,
                            "y": 235
                        },
                        {
                            "x": 362,
                            "y": 243
                        },
                        {
                            "x": 370,
                            "y": 246
                        },
                        {
                            "x": 373,
                            "y": 223
                        },
                        {
                            "x": 369,
                            "y": 163
                        },
                        {
                            "x": 371,
                            "y": 151
                        },
                        {
                            "x": 380,
                            "y": 149
                        },
                        {
                            "x": 377,
                            "y": 114
                        },
                        {
                            "x": 371,
                            "y": 104
                        },
                        {
                            "x": 363,
                            "y": 101
                        },
                        {
                            "x": 362,
                            "y": 90
                        }
                    ]
                },
                "meta": {
                    "zIndex": 1
                }
            },
            "properties": []
        },
        {
            "id": "ac47be93-551e-4cc5-b5a8-872b2dc4b468",
            "classId": "05030ec6-3d00-4189-83f7-0a4d8fe5ec8a",
            "className": "bag",
            "annotationType": "polygon",
            "annotation": {
                "multiple": false,
                "coord": {
                    "points": [
                        {
                            "x": 353,
                            "y": 174
                        },
                        {
                            "x": 352,
                            "y": 199
                        },
                        {
                            "x": 354,
                            "y": 190
                        }
                    ]
                },
                "meta": {
                    "zIndex": 1
                }
            },
            "properties": []
        },
        {
            "id": "36dc32be-cfca-45a5-afd5-887f59259387",
            "classId": "7dd8df6c-9b8f-45eb-815e-cf12e43586bc",
            "className": "person",
            "annotationType": "polygon",
            "annotation": {
                "multiple": false,
                "coord": {
                    "points": [
                        {
                            "x": 55,
                            "y": 83
                        },
                        {
                            "x": 45,
                            "y": 85
                        },
                        {
                            "x": 31,
                            "y": 111
                        },
                        {
                            "x": 30,
                            "y": 127
                        },
                        {
                            "x": 32,
                            "y": 137
                        },
                        {
                            "x": 37,
                            "y": 143
                        },
                        {
                            "x": 35,
                            "y": 151
                        },
                        {
                            "x": 25,
                            "y": 164
                        },
                        {
                            "x": 28,
                            "y": 184
                        },
                        {
                            "x": 27,
                            "y": 227
                        },
                        {
                            "x": 31,
                            "y": 242
                        },
                        {
                            "x": 38,
                            "y": 241
                        },
                        {
                            "x": 45,
                            "y": 204
                        },
                        {
                            "x": 51,
                            "y": 228
                        },
                        {
                            "x": 61,
                            "y": 228
                        },
                        {
                            "x": 67,
                            "y": 218
                        },
                        {
                            "x": 64,
                            "y": 179
                        },
                        {
                            "x": 58,
                            "y": 162
                        },
                        {
                            "x": 58,
                            "y": 154
                        },
                        {
                            "x": 68,
                            "y": 136
                        },
                        {
                            "x": 58,
                            "y": 115
                        },
                        {
                            "x": 58,
                            "y": 107
                        },
                        {
                            "x": 65,
                            "y": 95
                        }
                    ]
                },
                "meta": {
                    "zIndex": 1
                }
            },
            "properties": []
        },
        {
            "id": "729aff28-a8ca-4466-b35a-54cda417134a",
            "classId": "05030ec6-3d00-4189-83f7-0a4d8fe5ec8a",
            "className": "bag",
            "annotationType": "polygon",
            "annotation": {
                "multiple": false,
                "coord": {
                    "points": [
                        {
                            "x": 31,
                            "y": 110
                        },
                        {
                            "x": 20,
                            "y": 117
                        },
                        {
                            "x": 6,
                            "y": 137
                        },
                        {
                            "x": 14,
                            "y": 162
                        },
                        {
                            "x": 25,
                            "y": 162
                        },
                        {
                            "x": 35,
                            "y": 149
                        },
                        {
                            "x": 36,
                            "y": 143
                        },
                        {
                            "x": 31,
                            "y": 137
                        },
                        {
                            "x": 29,
                            "y": 127
                        }
                    ]
                },
                "meta": {
                    "zIndex": 1
                }
            },
            "properties": []
        },
        {
            "id": "c9b807cb-701e-4239-bac8-97c7264139be",
            "classId": "05030ec6-3d00-4189-83f7-0a4d8fe5ec8a",
            "className": "bag",
            "annotationType": "polygon",
            "annotation": {
                "multiple": false,
                "coord": {
                    "points": [
                        {
                            "x": 446,
                            "y": 106
                        },
                        {
                            "x": 447,
                            "y": 143
                        },
                        {
                            "x": 451,
                            "y": 148
                        },
                        {
                            "x": 461,
                            "y": 148
                        },
                        {
                            "x": 471,
                            "y": 133
                        },
                        {
                            "x": 470,
                            "y": 119
                        },
                        {
                            "x": 462,
                            "y": 109
                        }
                    ]
                },
                "meta": {
                    "zIndex": 1
                }
            },
            "properties": []
        },
        {
            "id": "44be4de5-2cdb-4402-938c-af8a9f7d2d22",
            "classId": "05030ec6-3d00-4189-83f7-0a4d8fe5ec8a",
            "className": "bag",
            "annotationType": "polygon",
            "annotation": {
                "multiple": false,
                "coord": {
                    "points": [
                        {
                            "x": 381,
                            "y": 148
                        },
                        {
                            "x": 371,
                            "y": 153
                        },
                        {
                            "x": 372,
                            "y": 178
                        },
                        {
                            "x": 380,
                            "y": 178
                        },
                        {
                            "x": 385,
                            "y": 172
                        }
                    ]
                },
                "meta": {
                    "zIndex": 1
                }
            },
            "properties": []
        },
        {
            "id": "025cbcaf-b041-46b9-9690-83c00af49cab",
            "classId": "7dd8df6c-9b8f-45eb-815e-cf12e43586bc",
            "className": "person",
            "annotationType": "polygon",
            "annotation": {
                "multiple": false,
                "coord": {
                    "points": [
                        {
                            "x": 153,
                            "y": 101
                        },
                        {
                            "x": 148,
                            "y": 107
                        },
                        {
                            "x": 149,
                            "y": 123
                        },
                        {
                            "x": 162,
                            "y": 136
                        },
                        {
                            "x": 169,
                            "y": 139
                        },
                        {
                            "x": 168,
                            "y": 126
                        },
                        {
                            "x": 163,
                            "y": 116
                        },
                        {
                            "x": 163,
                            "y": 105
                        },
                        {
                            "x": 159,
                            "y": 101
                        }
                    ]
                },
                "meta": {
                    "zIndex": 1
                }
            },
            "properties": []
        },
        {
            "id": "5ea05334-9aeb-47a3-b26d-71aa98f12216",
            "classId": "7dd8df6c-9b8f-45eb-815e-cf12e43586bc",
            "className": "person",
            "annotationType": "polygon",
            "annotation": {
                "multiple": false,
                "coord": {
                    "points": [
                        {
                            "x": 254,
                            "y": 83
                        },
                        {
                            "x": 251,
                            "y": 90
                        },
                        {
                            "x": 251,
                            "y": 107
                        },
                        {
                            "x": 260,
                            "y": 121
                        },
                        {
                            "x": 270,
                            "y": 130
                        },
                        {
                            "x": 282,
                            "y": 153
                        },
                        {
                            "x": 288,
                            "y": 144
                        },
                        {
                            "x": 285,
                            "y": 118
                        },
                        {
                            "x": 268,
                            "y": 102
                        },
                        {
                            "x": 269,
                            "y": 90
                        },
                        {
                            "x": 263,
                            "y": 82
                        }
                    ]
                },
                "meta": {
                    "zIndex": 1
                }
            },
            "properties": []
        },
        {
            "id": "112a12a9-fe5f-4554-b17e-4df730b65173",
            "classId": "7dd8df6c-9b8f-45eb-815e-cf12e43586bc",
            "className": "person",
            "annotationType": "polygon",
            "annotation": {
                "multiple": false,
                "coord": {
                    "points": [
                        {
                            "x": 290,
                            "y": 104
                        },
                        {
                            "x": 285,
                            "y": 117
                        },
                        {
                            "x": 289,
                            "y": 146
                        },
                        {
                            "x": 294,
                            "y": 146
                        },
                        {
                            "x": 300,
                            "y": 124
                        }
                    ]
                },
                "meta": {
                    "zIndex": 1
                }
            },
            "properties": []
        },
        {
            "id": "e7f112ad-1450-4cac-bd95-0592f14b965a",
            "classId": "05030ec6-3d00-4189-83f7-0a4d8fe5ec8a",
            "className": "bag",
            "annotationType": "polygon",
            "annotation": {
                "multiple": false,
                "coord": {
                    "points": [
                        {
                            "x": 164,
                            "y": 138
                        },
                        {
                            "x": 167,
                            "y": 148
                        },
                        {
                            "x": 168,
                            "y": 182
                        },
                        {
                            "x": 174,
                            "y": 182
                        },
                        {
                            "x": 180,
                            "y": 174
                        },
                        {
                            "x": 181,
                            "y": 154
                        },
                        {
                            "x": 169,
                            "y": 140
                        }
                    ]
                },
                "meta": {
                    "zIndex": 1
                }
            },
            "properties": []
        }
    ],
    "categories": {
        "properties": [],
        "frames": []
    }
}