{
    "data_key": "9168746157_4725f94c90_z.jpeg",
    "image_info": {
        "width": 639,
        "height": 311
    },
    "label_id": "bfc13b64-499e-48f4-ba10-651123121a1f",
    "label_path": [
        "labels/bfc13b64-499e-48f4-ba10-651123121a1f.json"
    ],
    "last_updated_date": "2021-04-15T05:23:34.304117Z",
    "tags": [],
    "work_assignee": "",
    "status": "SUBMITTED",
    "dataset": "person-vehicle-accessory",
    "info": {},
    "related_labels": {
        "consensus_labeling": []
    }
}