{
    "data_key": "10103250954_ac5d559750_z.jpeg",
    "image_info": {
        "width": 640,
        "height": 480
    },
    "label_id": "9af5b121-e563-4abd-a475-519c6d0a1906",
    "label_path": [
        "labels/9af5b121-e563-4abd-a475-519c6d0a1906.json"
    ],
    "last_updated_date": "2021-04-15T05:23:35.855676Z",
    "tags": [],
    "work_assignee": "",
    "status": "SUBMITTED",
    "dataset": "person-vehicle-accessory",
    "info": {},
    "related_labels": {
        "consensus_labeling": []
    }
}