{
    "data_key": "3864746639_8f3e24eea7_z.jpeg",
    "image_info": {
        "width": 640,
        "height": 480
    },
    "label_id": "36af20da-96b4-4c45-bec8-c18a2419236d",
    "label_path": [
        "labels/36af20da-96b4-4c45-bec8-c18a2419236d.json"
    ],
    "last_updated_date": "2021-04-15T05:23:33.524556Z",
    "tags": [],
    "work_assignee": "",
    "status": "SUBMITTED",
    "dataset": "person-vehicle-accessory",
    "info": {},
    "related_labels": {
        "consensus_labeling": []
    }
}