{
    "data_key": "887077875_2ed770e984_z.jpeg",
    "image_info": {
        "width": 640,
        "height": 480
    },
    "label_id": "03f3b1e2-24c4-4cd0-9a5c-89e6bd88437c",
    "label_path": [
        "labels/03f3b1e2-24c4-4cd0-9a5c-89e6bd88437c.json"
    ],
    "last_updated_date": "2021-04-15T05:23:32.510831Z",
    "tags": [],
    "work_assignee": "",
    "status": "SUBMITTED",
    "dataset": "person-vehicle-accessory",
    "info": {},
    "related_labels": {
        "consensus_labeling": []
    }
}