{
    "data_key": "9412083734_fca5783d1a_z.jpeg",
    "image_info": {
        "width": 640,
        "height": 482
    },
    "label_id": "4c5d1995-ad57-4613-8b58-c93d67328531",
    "label_path": [
        "labels/4c5d1995-ad57-4613-8b58-c93d67328531.json"
    ],
    "last_updated_date": "2021-04-15T05:23:35.111020Z",
    "tags": [],
    "work_assignee": "",
    "status": "SUBMITTED",
    "dataset": "person-vehicle-accessory",
    "info": {},
    "related_labels": {
        "consensus_labeling": []
    }
}